KF_Time;KF_States;KF_Covariance;
1525099558797275477;                  0                   0                   0 -0.0298995501781772 0.00245293684033335                   0    2.86335636006023   -2.64128552310499   -5.37512343696334;    7.32259960995959     7.32259960995959     29.2699984402955 9.99999997475243e-07 9.99999997475243e-07 9.99999997475243e-07   0.0100999997739564   0.0100999997739564   0.0199999995529652;
1525099558985148680;   0.0200712088901407    0.0117794435132277    -0.025358227436932 -2.99853607419161e-12 -9.37089351446282e-14                     0      2.86335669502455     -2.64128568418944     -5.37513254216584;     3.6765963002004      3.6765963002004     14.6577451268984 9.99999997375243e-07 9.99999997375243e-07 9.99999997375243e-07   0.0101999990895856   0.0101999990895856   0.0299982914166745;
1525099559183130599;   0.0200712088901407    0.0117794435132277    -0.025358227436932 -2.99853607419161e-12 -9.37089351446282e-14                     0      2.86335669502455     -2.64128568418944     -5.37513254216584;     3.6765963002004      3.6765963002004     14.6577451268984 9.99999997375243e-07 9.99999997375243e-07 9.99999997375243e-07   0.0101999990895856   0.0101999990895856   0.0299982914166745;
1525099559385194130;   0.0201063590041106    0.0424796753779761    0.0487687806271371 -2.99853607419161e-12 -9.37089351446282e-14                     0      2.86335696794653     -2.64128689804274     -5.37516726324596;    2.47031526794568     2.47031526794568     9.79831484457635 9.99999997375243e-07 9.99999997375243e-07 9.99999997375243e-07   0.0102999970491477   0.0102999970491477   0.0399931734002884;
1525099559583227600;   0.0201063590041106    0.0424796753779761    0.0487687806271371 -2.99853607419161e-12 -9.37089351446282e-14                     0      2.86335696794653     -2.64128689804274     -5.37516726324596;    2.47031526794568     2.47031526794568     9.79831484457635 9.99999997375243e-07 9.99999997375243e-07 9.99999997375243e-07   0.0102999970491477   0.0102999970491477   0.0399931734002884;
1525099559783068373;   0.0201063590041106    0.0424796753779761    0.0487687806271371 -2.99853607419161e-12 -9.37089351446282e-14                     0      2.86335696794653     -2.64128689804274     -5.37516726324596;    2.47031526794568     2.47031526794568     9.79831484457635 9.99999997375243e-07 9.99999997375243e-07 9.99999997375243e-07   0.0102999970491477   0.0102999970491477   0.0399931734002884;
1525099559986273841;   0.0718639687599714     0.106990097259531     0.606408846881105 -2.99853607419161e-12 -9.37089351446282e-14                     0      2.86391523725039     -2.64071756805115     -5.37391953119949;0.000599807976242353 0.000599807976242353  0.00249915301230149 9.99999997375243e-07 9.99999997375243e-07 9.99999997375243e-07   0.0103439292690287   0.0103439292690287   0.0498167060644234;
1525099560184329747;0.0730863512261825  0.108619616610466  0.624227724980256                  0                  0                  0   2.86392210137665  -2.64070847288554    -5.373834421952;0.000591469191524792 0.000591469191524792   0.0023641280048368 9.99999997475243e-07 9.99999997475243e-07 9.99999997475243e-07   0.0104439290113555   0.0104439290113555   0.0598167027799428;
1525099560386191448;    0.168292786151032     0.221198495806012     0.915323008862269 -2.99853607419161e-12 -9.37089351446282e-14                     0      2.86414418485984     -2.64064186400531     -5.37281670132482;  0.0413566242808386   0.0413566242808386   0.0433001298943197 9.99999997375243e-07 9.99999997375243e-07 9.99999997375243e-07   0.0105288334262554   0.0105288334262554   0.0696507027486863;
1525099560583010568;    0.168292786151032     0.221198495806012     0.915323008862269 -2.99853607419161e-12 -9.37089351446282e-14                     0      2.86414418485984     -2.64064186400531     -5.37281670132482;  0.0413566242808386   0.0413566242808386   0.0433001298943197 9.99999997375243e-07 9.99999997375243e-07 9.99999997375243e-07   0.0105288334262554   0.0105288334262554   0.0696507027486863;
1525099560785760644;    0.442545111052355      0.32311235469335      1.32682872370189 -2.99853607419161e-12 -9.37089351446282e-14                     0      2.86450581313807     -2.64033543581888     -5.36972013786486;  0.0809185326613211   0.0809185326613211   0.0839197429074968 9.99999997375243e-07 9.99999997375243e-07 9.99999997375243e-07   0.0106051113445619   0.0106051113445619   0.0793110239171414;
1525099560983009347;    0.442545111052355      0.32311235469335      1.32682872370189 -2.99853607419161e-12 -9.37089351446282e-14                     0      2.86450581313807     -2.64033543581888     -5.36972013786486;  0.0809185326613211   0.0809185326613211   0.0839197429074968 9.99999997375243e-07 9.99999997375243e-07 9.99999997375243e-07   0.0106051113445619   0.0106051113445619   0.0793110239171414;
1525099561183138651;    0.442545111052355      0.32311235469335      1.32682872370189 -2.99853607419161e-12 -9.37089351446282e-14                     0      2.86450581313807     -2.64033543581888     -5.36972013786486;  0.0809185326613211   0.0809185326613211   0.0839197429074968 9.99999997375243e-07 9.99999997375243e-07 9.99999997375243e-07   0.0106051113445619   0.0106051113445619   0.0793110239171414;
1525099561385783527;    0.906340120127298     0.287579904275006      1.88943884834785 -2.99853607419161e-12 -9.37089351446282e-14                     0      2.86441886471045     -2.63993987303636     -5.36687001164921;   0.118801020713877    0.118801020713877    0.124090817189572 9.99999997375243e-07 9.99999997375243e-07 9.99999997375243e-07   0.0106820656904993   0.0106820656904993   0.0888883940286273;
1525099561583116212;    0.906340120127298     0.287579904275006      1.88943884834785 -2.99853607419161e-12 -9.37089351446282e-14                     0      2.86441886471045     -2.63993987303636     -5.36687001164921;   0.118801020713877    0.118801020713877    0.124090817189572 9.99999997375243e-07 9.99999997375243e-07 9.99999997375243e-07   0.0106820656904993   0.0106820656904993   0.0888883940286273;
1525099561785924643;       1.285237578091     0.124916704135946      2.27404002313645 -2.99853607419161e-12 -9.37089351446282e-14                     0       2.8644571566298      -2.6395879780368     -5.36251284990962;   0.154499424974514    0.154499424974514    0.163654112947341 9.99999997375243e-07 9.99999997375243e-07 9.99999997375243e-07   0.0107600280380408   0.0107600280380408   0.0983772876972975;
1525099561983014150;       1.285237578091     0.124916704135946      2.27404002313645 -2.99853607419161e-12 -9.37089351446282e-14                     0       2.8644571566298      -2.6395879780368     -5.36251284990962;   0.154499424974514    0.154499424974514    0.163654112947341 9.99999997375243e-07 9.99999997375243e-07 9.99999997375243e-07   0.0107600280380408   0.0107600280380408   0.0983772876972975;
1525099562184965461;     1.64521720273756   -0.0465297205323506      2.42887810552667 -2.99853607419161e-12 -9.37089351446282e-14                     0        2.864559208132     -2.63940646852296     -5.35699498329339;   0.187640634721844    0.187640634721844    0.202464846799313 9.99999997375243e-07 9.99999997375243e-07 9.99999997375243e-07   0.0108392605231491   0.0108392605231491    0.107773537759491;
1525099562383111386;     1.64521720273756   -0.0465297205323506      2.42887810552667 -2.99853607419161e-12 -9.37089351446282e-14                     0        2.864559208132     -2.63940646852296     -5.35699498329339;   0.187640634721844    0.187640634721844    0.202464846799313 9.99999997375243e-07 9.99999997375243e-07 9.99999997375243e-07   0.0108392605231491   0.0108392605231491    0.107773537759491;
1525099562583123625;     1.64521720273756   -0.0465297205323506      2.42887810552667 -2.99853607419161e-12 -9.37089351446282e-14                     0        2.864559208132     -2.63940646852296     -5.35699498329339;   0.187640634721844    0.187640634721844    0.202464846799313 9.99999997375243e-07 9.99999997375243e-07 9.99999997375243e-07   0.0108392605231491   0.0108392605231491    0.107773537759491;
1525099562785896261;     1.77844780802624    -0.127291869057921        2.642177216659 -2.99853607419161e-12 -9.37089351446282e-14                     0      2.86500847214155     -2.63958809055631     -5.35130443651045;   0.217987763075658    0.217987763075658    0.240394327334897 9.99999997375243e-07 9.99999997375243e-07 9.99999997375243e-07   0.0109199490768428   0.0109199490768428    0.117074345226038;
1525099562983020003;     1.77844780802624    -0.127291869057921        2.642177216659 -2.99853607419161e-12 -9.37089351446282e-14                     0      2.86500847214155     -2.63958809055631     -5.35130443651045;   0.217987763075658    0.217987763075658    0.240394327334897 9.99999997375243e-07 9.99999997375243e-07 9.99999997375243e-07   0.0109199490768428   0.0109199490768428    0.117074345226038;
1525099563185823650;     1.63231036679019   -0.0664963832546661      2.92373433957536 -2.99853607419161e-12 -9.37089351446282e-14                     0      2.86568880313137     -2.64008697939143     -5.34534149841389;   0.245431922732857    0.245431922732857    0.277330951169819 9.99999997375243e-07 9.99999997375243e-07 9.99999997375243e-07   0.0110022045467689   0.0110022045467689    0.126278246187812;
1525099563383043116;     1.63231036679019   -0.0664963832546661      2.92373433957536 -2.99853607419161e-12 -9.37089351446282e-14                     0      2.86568880313137     -2.64008697939143     -5.34534149841389;   0.245431922732857    0.245431922732857    0.277330951169819 9.99999997375243e-07 9.99999997375243e-07 9.99999997375243e-07   0.0110022045467689   0.0110022045467689    0.126278246187812;
1525099563585899560;     1.26956350245513    0.0326849493504732      3.23538099688714 -2.99853607419161e-12 -9.37089351446282e-14                     0      2.86656441032892     -2.64078616167578     -5.33917876287907;   0.269976349606934    0.269976349606934    0.313182305059037 9.99999997375243e-07 9.99999997375243e-07 9.99999997375243e-07   0.0110860699305964   0.0110860699305964    0.135385040906116;
1525099563783164761;     1.26956350245513    0.0326849493504732      3.23538099688714 -2.99853607419161e-12 -9.37089351446282e-14                     0      2.86656441032892     -2.64078616167578     -5.33917876287907;   0.269976349606934    0.269976349606934    0.313182305059037 9.99999997375243e-07 9.99999997375243e-07 9.99999997375243e-07   0.0110860699305964   0.0110860699305964    0.135385040906116;
1525099563985741674;    0.618463869631129     0.194224740077643      3.52013807087417 -2.99853607419161e-12 -9.37089351446282e-14                     0      2.86726219844238     -2.64161311089389     -5.33150265152193;   0.291713378955749    0.291713378955749      0.3478746534111 9.99999997375243e-07 9.99999997375243e-07 9.99999997375243e-07   0.0111715314661615   0.0111715314661615    0.144395691864455;
1525099564183160711;    0.618463869631129     0.194224740077643      3.52013807087417 -2.99853607419161e-12 -9.37089351446282e-14                     0      2.86726219844238     -2.64161311089389     -5.33150265152193;   0.291713378955749    0.291713378955749      0.3478746534111 9.99999997375243e-07 9.99999997375243e-07 9.99999997375243e-07   0.0111715314661615   0.0111715314661615    0.144395691864455;
1525099564383048314;    0.618463869631129     0.194224740077643      3.52013807087417 -2.99853607419161e-12 -9.37089351446282e-14                     0      2.86726219844238     -2.64161311089389     -5.33150265152193;   0.291713378955749    0.291713378955749      0.3478746534111 9.99999997375243e-07 9.99999997375243e-07 9.99999997375243e-07   0.0111715314661615   0.0111715314661615    0.144395691864455;
1525099564585777653;   -0.623866750310546     0.560577332662356       3.9354115778043 -2.99853607419161e-12 -9.37089351446282e-14                     0       2.8682800709635     -2.64275010690364     -5.32377979201761;   0.310801084067856    0.310801084067856    0.381353035333567 9.99999997375243e-07 9.99999997375243e-07 9.99999997375243e-07   0.0112585313935903   0.0112585313935903    0.153312198406221;
1525099564784736922; 0.165605845461828 -0.400038989843368   4.21256016217698                  0                  0                  0   2.85497644490299  -2.63081928968077  -5.32862523681859; 0.00059897846526139  0.00059897846526139  0.00248528897680458 9.99999997475243e-07 9.99999997475243e-07 9.99999997475243e-07   0.0113179769227918   0.0113179769227918    0.162862430012823;
1525099564985715029;   -0.278719626054068    -0.328948154765644      4.45969173266432 -2.99853607419161e-12 -9.37089351446282e-14                     0      2.85345725572739     -2.62979649416747     -5.32222070673417;0.000591393459518539 0.000591393459518539   0.0023637883275616 9.99999997375243e-07 9.99999997375243e-07 9.99999997375243e-07   0.0113898077905087   0.0113898077905087    0.171259291662997;
1525099565184702647;-0.867815405086499 -0.263179497560283   4.37998719431199                  0                  0                  0   2.85346292729126  -2.62979148923338  -5.32209842355076;0.000591467490144364 0.000591467490144364  0.00236372698565951 9.99999997475243e-07 9.99999997475243e-07 9.99999997475243e-07   0.0114898077310061   0.0114898077310061    0.181259276352956;
1525099565386143966;   -0.875917840416749    -0.261728769946555      4.37449066781123 -2.99853607419161e-12 -9.37089351446282e-14                     0      2.85071447234273     -2.62792003349601     -5.31236078843328;0.000591391920710499 0.000591391920710499   0.0023634273764006 9.99999997375243e-07 9.99999997375243e-07 9.99999997375243e-07   0.0115607859978175   0.0115607859978175    0.189298763089241;
1525099565583036171;   -0.875917840416749    -0.261728769946555      4.37449066781123 -2.99853607419161e-12 -9.37089351446282e-14                     0      2.85071447234273     -2.62792003349601     -5.31236078843328;0.000591391920710499 0.000591391920710499   0.0023634273764006 9.99999997375243e-07 9.99999997375243e-07 9.99999997375243e-07   0.0115607859978175   0.0115607859978175    0.189298763089241;
1525099565783076285;   -0.875917840416749    -0.261728769946555      4.37449066781123 -2.99853607419161e-12 -9.37089351446282e-14                     0      2.85071447234273     -2.62792003349601     -5.31236078843328;0.000591391920710499 0.000591391920710499   0.0023634273764006 9.99999997375243e-07 9.99999997375243e-07 9.99999997375243e-07   0.0115607859978175   0.0115607859978175    0.189298763089241;
1525099565984888098;    -1.87246127654207     0.548872203656913      4.34342344869856 -2.99853607419161e-12 -9.37089351446282e-14                     0      2.84836216734727     -2.62676199111756     -5.30167467289393;  0.0412213130497356   0.0412213130497356    0.043263383844972 9.99999997375243e-07 9.99999997375243e-07 9.99999997375243e-07   0.0116316734884699   0.0116316734884699    0.197176058541633;
1525099566183035290;    -1.87246127654207     0.548872203656913      4.34342344869856 -2.99853607419161e-12 -9.37089351446282e-14                     0      2.84836216734727     -2.62676199111756     -5.30167467289393;  0.0412213130497356   0.0412213130497356    0.043263383844972 9.99999997375243e-07 9.99999997375243e-07 9.99999997375243e-07   0.0116316734884699   0.0116316734884699    0.197176058541633;
1525099566384984433;    -2.13050553727719     0.872118759100709      4.33954803156624 -2.99853607419161e-12 -9.37089351446282e-14                     0      2.84538312552603      -2.6252578163803     -5.29069258926598;   0.080789809003134    0.080789809003134   0.0838893204799618 9.99999997375243e-07 9.99999997375243e-07 9.99999997375243e-07   0.0117029742241277   0.0117029742241277    0.204898255912795;
1525099566582981907;    -2.13050553727719     0.872118759100709      4.33954803156624 -2.99853607419161e-12 -9.37089351446282e-14                     0      2.84538312552603      -2.6252578163803     -5.29069258926598;   0.080789809003134    0.080789809003134   0.0838893204799618 9.99999997375243e-07 9.99999997375243e-07 9.99999997375243e-07   0.0117029742241277   0.0117029742241277    0.204898255912795;
1525099566785480293;    -2.16794816706431     0.966241914479147      4.38433323766253 -2.99853607419161e-12 -9.37089351446282e-14                     0      2.84256574899068     -2.62373071994873     -5.28037934950579;   0.118682513610342    0.118682513610342     0.12407852761483 9.99999997375243e-07 9.99999997375243e-07 9.99999997375243e-07   0.0117751517735771   0.0117751517735771    0.212474145251849;
1525099566983015210;    -2.16794816706431     0.966241914479147      4.38433323766253 -2.99853607419161e-12 -9.37089351446282e-14                     0      2.84256574899068     -2.62373071994873     -5.28037934950579;   0.118682513610342    0.118682513610342     0.12407852761483 9.99999997375243e-07 9.99999997375243e-07 9.99999997375243e-07   0.0117751517735771   0.0117751517735771    0.212474145251849;
1525099567183106398;    -2.16794816706431     0.966241914479147      4.38433323766253 -2.99853607419161e-12 -9.37089351446282e-14                     0      2.84256574899068     -2.62373071994873     -5.28037934950579;   0.118682513610342    0.118682513610342     0.12407852761483 9.99999997375243e-07 9.99999997375243e-07 9.99999997375243e-07   0.0117751517735771   0.0117751517735771    0.212474145251849;
1525099567385953972;    -2.23944537191316      1.09969516612042      4.49124440290713 -2.99853607419161e-12 -9.37089351446282e-14                     0      2.84028221761133     -2.62261626815412     -5.27198423405446;   0.154395834088661    0.154395834088661    0.163681788415441 9.99999997375243e-07 9.99999997375243e-07 9.99999997375243e-07   0.0118486018867756   0.0118486018867756    0.219913925885825;
1525099567583018051;    -2.23944537191316      1.09969516612042      4.49124440290713 -2.99853607419161e-12 -9.37089351446282e-14                     0      2.84028221761133     -2.62261626815412     -5.27198423405446;   0.154395834088661    0.154395834088661    0.163681788415441 9.99999997375243e-07 9.99999997375243e-07 9.99999997375243e-07   0.0118486018867756   0.0118486018867756    0.219913925885825;
1525099567784976856;    -2.24842354528437       1.2582671838221      4.57610253383663 -2.99853607419161e-12 -9.37089351446282e-14                     0       2.8385882103067     -2.62185720521134     -5.26526243295623;   0.187556497789009    0.187556497789009    0.202564862837875 9.99999997375243e-07 9.99999997375243e-07 9.99999997375243e-07   0.0119236345984143   0.0119236345984143    0.227228897797615;
1525099567982969329;    -2.24842354528437       1.2582671838221      4.57610253383663 -2.99853607419161e-12 -9.37089351446282e-14                     0       2.8385882103067     -2.62185720521134     -5.26526243295623;   0.187556497789009    0.187556497789009    0.202564862837875 9.99999997375243e-07 9.99999997375243e-07 9.99999997375243e-07   0.0119236345984143   0.0119236345984143    0.227228897797615;
1525099568185033305;    -2.23525778441282      1.40461077343954      4.67985962943442 -2.99853607419161e-12 -9.37089351446282e-14                     0      2.83758843506972     -2.62124307850995     -5.25980450581847;   0.217927885296224    0.217927885296224    0.240611101059122 9.99999997375243e-07 9.99999997375243e-07 9.99999997375243e-07   0.0120004667727057   0.0120004667727057     0.23443114696159;
1525099568383074478;    -2.23525778441282      1.40461077343954      4.67985962943442 -2.99853607419161e-12 -9.37089351446282e-14                     0      2.83758843506972     -2.62124307850995     -5.25980450581847;   0.217927885296224    0.217927885296224    0.240611101059122 9.99999997375243e-07 9.99999997375243e-07 9.99999997375243e-07   0.0120004667727057   0.0120004667727057     0.23443114696159;
1525099568583037661;    -2.23525778441282      1.40461077343954      4.67985962943442 -2.99853607419161e-12 -9.37089351446282e-14                     0      2.83758843506972     -2.62124307850995     -5.25980450581847;   0.217927885296224    0.217927885296224    0.240611101059122 9.99999997375243e-07 9.99999997375243e-07 9.99999997375243e-07   0.0120004667727057   0.0120004667727057     0.23443114696159;
1525099568784981221;     -2.4745389237091      1.56824169900787      4.81690830293662 -2.99853607419161e-12 -9.37089351446282e-14                     0      2.83732879421036     -2.62079349175912     -5.25545527381697;   0.245401677792839    0.245401677792839    0.277721630984028 9.99999997375243e-07 9.99999997375243e-07 9.99999997375243e-07   0.0120792241568385   0.0120792241568385    0.241533238318071;
1525099568983035995;     -2.4745389237091      1.56824169900787      4.81690830293662 -2.99853607419161e-12 -9.37089351446282e-14                     0      2.83732879421036     -2.62079349175912     -5.25545527381697;   0.245401677792839    0.245401677792839    0.277721630984028 9.99999997375243e-07 9.99999997375243e-07 9.99999997375243e-07   0.0120792241568385   0.0120792241568385    0.241533238318071;
1525099569184965665;    -2.60046076255677      1.67732755780243      4.90592300079364 -2.99853607419161e-12 -9.37089351446282e-14                     0      2.83729927300748     -2.62038301882684     -5.25236665682762;   0.269980282410416    0.269980282410416    0.313814972866311 9.99999997375243e-07 9.99999997375243e-07 9.99999997375243e-07    0.012159950703748    0.012159950703748    0.248547927670032;
1525099569383928944;    -2.60046076255677      1.67732755780243      4.90592300079364 -2.99853607419161e-12 -9.37089351446282e-14                     0      2.83729927300748     -2.62038301882684     -5.25236665682762;   0.269980282410416    0.269980282410416    0.313814972866311 9.99999997375243e-07 9.99999997375243e-07 9.99999997375243e-07    0.012159950703748    0.012159950703748    0.248547927670032;
1525099569585265647;    -2.70101451316721       1.7535507815229      5.00038579217443 -2.99853607419161e-12 -9.37089351446282e-14                     0      2.83751681226635     -2.61991161557422     -5.25030249493377;   0.291755752070643    0.291755752070643    0.348827893584856 9.99999997375243e-07 9.99999997375243e-07 9.99999997375243e-07   0.0122426223996865   0.0122426223996865    0.255487901461113;
1525099569783185665;    -2.70101451316721       1.7535507815229      5.00038579217443 -2.99853607419161e-12 -9.37089351446282e-14                     0      2.83751681226635     -2.61991161557422     -5.25030249493377;   0.291755752070643    0.291755752070643    0.348827893584856 9.99999997375243e-07 9.99999997375243e-07 9.99999997375243e-07   0.0122426223996865   0.0122426223996865    0.255487901461113;
1525099569982967308;    -2.70101451316721       1.7535507815229      5.00038579217443 -2.99853607419161e-12 -9.37089351446282e-14                     0      2.83751681226635     -2.61991161557422     -5.25030249493377;   0.291755752070643    0.291755752070643    0.348827893584856 9.99999997375243e-07 9.99999997375243e-07 9.99999997375243e-07   0.0122426223996865   0.0122426223996865    0.255487901461113;
1525099570185700744;    -2.93168084386421      1.83617886706943      5.08934349883637 -2.99853607419161e-12 -9.37089351446282e-14                     0       2.8380533889776     -2.61940072536514     -5.24916840374412;   0.310885501211108    0.310885501211108     0.38271403944388 9.99999997375243e-07 9.99999997375243e-07 9.99999997375243e-07   0.0123271629545698   0.0123271629545698    0.262365550641707;
1525099570383030948;    -2.93168084386421      1.83617886706943      5.08934349883637 -2.99853607419161e-12 -9.37089351446282e-14                     0       2.8380533889776     -2.61940072536514     -5.24916840374412;   0.310885501211108    0.310885501211108     0.38271403944388 9.99999997375243e-07 9.99999997375243e-07 9.99999997375243e-07   0.0123271629545698   0.0123271629545698    0.262365550641707;
1525099570584912335;    -2.81931802705111       1.8824151588202      5.16089422407691 -2.99853607419161e-12 -9.37089351446282e-14                     0      2.83827848078234     -2.61882282071354     -5.24849391648106;    0.32756943754996     0.32756943754996    0.415442245722486 9.99999997375243e-07 9.99999997375243e-07 9.99999997375243e-07   0.0124134592487193   0.0124134592487193     0.26919278187445;
1525099570783027220;    -2.81931802705111       1.8824151588202      5.16089422407691 -2.99853607419161e-12 -9.37089351446282e-14                     0      2.83827848078234     -2.61882282071354     -5.24849391648106;    0.32756943754996     0.32756943754996    0.415442245722486 9.99999997375243e-07 9.99999997375243e-07 9.99999997375243e-07   0.0124134592487193   0.0124134592487193     0.26919278187445;
1525099570984912633;    -2.08430826640448      1.66714916839412      5.23752813138095 -2.99853607419161e-12 -9.37089351446282e-14                     0      2.83843425865796      -2.6181437875092     -5.24697104289978;    0.34203180280064     0.34203180280064    0.446996349901243 9.99999997375243e-07 9.99999997375243e-07 9.99999997375243e-07    0.012501375139437    0.012501375139437    0.275980867236054;
1525099571183021547;    -2.08430826640448      1.66714916839412      5.23752813138095 -2.99853607419161e-12 -9.37089351446282e-14                     0      2.83843425865796      -2.6181437875092     -5.24697104289978;    0.34203180280064     0.34203180280064    0.446996349901243 9.99999997375243e-07 9.99999997375243e-07 9.99999997375243e-07    0.012501375139437    0.012501375139437    0.275980867236054;
1525099571384775318;-1.27939437397915  1.38115732575694  5.15952614554764                 0                 0                 0  2.83097166967306 -2.61627197032388  -5.2416055682389;0.000599061629023204 0.000599061629023204  0.00248725775416894 9.99999997475243e-07 9.99999997475243e-07 9.99999997475243e-07   0.0125277059614451   0.0125277059614451    0.283224280042574;
1525099571585501751;    -1.14865254946096      1.31103532687612      5.15672951431978 -2.99853607419161e-12 -9.37089351446282e-14                     0       2.8303339171708     -2.61475353306068     -5.23767128650859;  0.0412287294810582   0.0412287294810582   0.0433875769448628 9.99999997375243e-07 9.99999997375243e-07 9.99999997375243e-07   0.0125936085171654   0.0125936085171654    0.288656970743711;
1525099571784477631;-1.05019658678724  1.46289590905526  5.08329427583758                 0                 0                 0  2.83024898500407 -2.61512803623702 -5.23702160208839;0.000595653712219754 0.000595653712219754  0.00242806794894403 9.99999997475243e-07 9.99999997475243e-07 9.99999997475243e-07   0.0126934326502078   0.0126934326502078    0.298648412905629;
1525099571985556396;    -1.04966616072095      1.35888909182319      5.07453970996697 -2.99853607419161e-12 -9.37089351446282e-14                     0      2.82979280008931     -2.61440324160112     -5.23048801165547;  0.0412252641672594   0.0412252641672594   0.0433279941497455 9.99999997375243e-07 9.99999997375243e-07 9.99999997375243e-07   0.0127583943248988   0.0127583943248988    0.303586532301674;
1525099572183145424;    -1.04966616072095      1.35888909182319      5.07453970996697 -2.99853607419161e-12 -9.37089351446282e-14                     0      2.82979280008931     -2.61440324160112     -5.23048801165547;  0.0412252641672594   0.0412252641672594   0.0433279941497455 9.99999997375243e-07 9.99999997375243e-07 9.99999997375243e-07   0.0127583943248988   0.0127583943248988    0.303586532301674;
1525099572385655735;    -1.06227749128806      1.30634909691373      5.03303305279021 -2.99853607419161e-12 -9.37089351446282e-14                     0      2.82928231352608     -2.61379990963349     -5.22268404934553;  0.0807942904056769   0.0807942904056769   0.0839576849043053 9.99999997375243e-07 9.99999997375243e-07 9.99999997375243e-07    0.012823922383657    0.012823922383657    0.308397317743031;
1525099572583038042;    -1.06227749128806      1.30634909691373      5.03303305279021 -2.99853607419161e-12 -9.37089351446282e-14                     0      2.82928231352608     -2.61379990963349     -5.22268404934553;  0.0807942904056769   0.0807942904056769   0.0839576849043053 9.99999997375243e-07 9.99999997375243e-07 9.99999997375243e-07    0.012823922383657    0.012823922383657    0.308397317743031;
1525099572783171654;    -1.06227749128806      1.30634909691373      5.03303305279021 -2.99853607419161e-12 -9.37089351446282e-14                     0      2.82928231352608     -2.61379990963349     -5.22268404934553;  0.0807942904056769   0.0807942904056769   0.0839576849043053 9.99999997375243e-07 9.99999997375243e-07 9.99999997375243e-07    0.012823922383657    0.012823922383657    0.308397317743031;
1525099572985621559;   -0.988798991559891      1.12218483059563      4.97021268052815 -1.99902404946107e-12 -6.24726234297521e-14                     0      2.82845847385958     -2.61267444606872     -5.21333073896709;   0.118689130804548    0.118689130804548    0.124159882944305 9.99999997375243e-07 9.99999997375243e-07 9.99999997375243e-07   0.0128905698276221   0.0128905698276221    0.313105855921045;
1525099573183119936;   -0.988798991559891      1.12218483059563      4.97021268052815 -1.99902404946107e-12 -6.24726234297521e-14                     0      2.82845847385958     -2.61267444606872     -5.21333073896709;   0.118689130804548    0.118689130804548    0.124159882944305 9.99999997375243e-07 9.99999997375243e-07 9.99999997375243e-07   0.0128905698276221   0.0128905698276221    0.313105855921045;
1525099573385662537;   -0.900296093388177     0.800990599701034      4.95409577524838 -1.99902404946107e-12 -6.24726234297521e-14                     0      2.82759579392822     -2.61141823437714     -5.20483835064339;   0.154406705236489    0.154406705236489    0.163792109966481 9.99999997375243e-07 9.99999997375243e-07 9.99999997375243e-07   0.0129588054671301   0.0129588054671301     0.31773682240915;
1525099573583150667;   -0.900296093388177     0.800990599701034      4.95409577524838 -1.99902404946107e-12 -6.24726234297521e-14                     0      2.82759579392822     -2.61141823437714     -5.20483835064339;   0.154406705236489    0.154406705236489    0.163792109966481 9.99999997375243e-07 9.99999997375243e-07 9.99999997375243e-07   0.0129588054671301   0.0129588054671301     0.31773682240915;
1525099573786453457;    -0.65262369688261     0.493619793371019      4.42931049148755 -1.99902404946107e-12 -6.24726234297521e-14                     0      2.82513336378195     -2.60926579600592     -5.17100033274267;0.000598087572759019 0.000598087572759019  0.00246954872962038 9.99999997375243e-07 9.99999997375243e-07 9.99999997375243e-07   0.0130165143018061   0.0130165143018061    0.321851813054115;
1525099573984149260;-0.680446892412335  0.490744096384225   4.35851062193245                  0                  0                  0   2.82514091909967  -2.60927265772925  -5.17100307826007;0.000591468843705879 0.000591468843705879  0.00236404050341543 9.99999997475243e-07 9.99999997475243e-07 9.99999997475243e-07   0.0131165137226368   0.0131165137226368    0.331851476694994;
1525099574184768627;-0.657398492626415  0.490023130682355   4.29079018161944                  0                  0                  0   2.82514095435582  -2.60927276374847  -5.17101109636174;0.000591467505388375 0.000591467505388375  0.00236372773491557 9.99999997475243e-07 9.99999997475243e-07 9.99999997475243e-07   0.0132165137199939   0.0132165137199939    0.341851475475037;
1525099574386689161;   -0.656965573778597     0.489987446616242      4.28295123032684 -1.99902404946107e-12 -6.24726234297521e-14                     0      2.82369193416972     -2.60791084339644     -5.15632797968544; 0.00059139259437109  0.00059139259437109  0.00236343241589749 9.99999997375243e-07 9.99999997375243e-07 9.99999997375243e-07   0.0132785417187523   0.0132785417187523    0.345328373044153;
1525099574583092273;   -0.656965573778597     0.489987446616242      4.28295123032684 -1.99902404946107e-12 -6.24726234297521e-14                     0      2.82369193416972     -2.60791084339644     -5.15632797968544; 0.00059139259437109  0.00059139259437109  0.00236343241589749 9.99999997375243e-07 9.99999997375243e-07 9.99999997375243e-07   0.0132785417187523   0.0132785417187523    0.345328373044153;
1525099574786812390;    -0.50741993118509     0.222408648304698      3.77222360197012 -1.99902404946107e-12 -6.24726234297521e-14                     0      2.82196966087155     -2.60609279808402     -5.14057022062189;0.000591392610534542 0.000591392610534542  0.00236343253855184 9.99999997375243e-07 9.99999997375243e-07 9.99999997375243e-07   0.0133402157273038   0.0133402157273038    0.348676979957166;
1525099574984259015;-0.464896779313779  0.171733467763133   3.52862656757553                  0                  0                  0   2.82197027831447  -2.60609153564251  -5.14053699284666;0.000591467489974535 0.000591467489974535  0.00236372592854018 9.99999997475243e-07 9.99999997475243e-07 9.99999997475243e-07   0.0134402156547964   0.0134402156547964    0.358676932402207;
1525099575186033631;   -0.479198228762888     0.199294173852144      3.28655760273927 -1.99902404946107e-12 -6.24726234297521e-14                     0      2.82034612301351     -2.60426175469953     -5.12560960922741;0.000591392598038224 0.000591392598038224  0.00236343270070613 9.99999997375243e-07 9.99999997375243e-07 9.99999997375243e-07   0.0135009590494122   0.0135009590494122    0.361521394956715;
1525099575384113185;-0.479108592835103  0.199147644208459   3.27344044657538                  0                  0                  0   2.82034867784414   -2.6042638058313   -5.1258077551702;0.000591467489964766 0.000591467489964766  0.00236372592891559 9.99999997475243e-07 9.99999997475243e-07 9.99999997475243e-07   0.0136009589771611   0.0136009589771611     0.37152134857096;
1525099575584935391;   -0.443876910812144    0.0729006872337704      3.07782484186593 -1.99902404946107e-12 -6.24726234297521e-14                     0      2.81880252229342     -2.60252199486468     -5.11565263003669;  0.0412243451498278   0.0412243451498278   0.0432650653099887 9.99999997375243e-07 9.99999997375243e-07 9.99999997375243e-07   0.0136611160595015   0.0136611160595015    0.373880291857905;
1525099575783046497;   -0.443876910812144    0.0729006872337704      3.07782484186593 -1.99902404946107e-12 -6.24726234297521e-14                     0      2.81880252229342     -2.60252199486468     -5.11565263003669;  0.0412243451498278   0.0412243451498278   0.0432650653099887 9.99999997375243e-07 9.99999997375243e-07 9.99999997375243e-07   0.0136611160595015   0.0136611160595015    0.373880291857905;
1525099575982988797;   -0.443876910812144    0.0729006872337704      3.07782484186593 -1.99902404946107e-12 -6.24726234297521e-14                     0      2.81880252229342     -2.60252199486468     -5.11565263003669;  0.0412243451498278   0.0412243451498278   0.0432650653099887 9.99999997375243e-07 9.99999997375243e-07 9.99999997375243e-07   0.0136611160595015   0.0136611160595015    0.373880291857905;
1525099576185906443;   -0.436980872605116    -0.356968492890485       2.5267745671889 -1.99902404946107e-12 -6.24726234297521e-14                     0      2.81721503657002     -2.60036920630208     -5.10407062178135;  0.0808060942980149   0.0808060942980149    0.083901133840933 9.99999997375243e-07 9.99999997375243e-07 9.99999997375243e-07   0.0137219621046258   0.0137219621046258    0.376196164803812;
1525099576384192207;-0.307856583000086  -0.54992352772431   1.83471270471121                  0                  0                  0   2.81686058636518  -2.60005648634727  -5.09203421177247;0.000597058999171163 0.000597058999171163  0.00245094231396037 9.99999997475243e-07 9.99999997475243e-07 9.99999997475243e-07   0.0138209229299714   0.0138209229299714    0.386145362956348;
1525099576585595407;   -0.295106490662486    -0.596960966532552      1.76975970915387 -1.99902404946107e-12 -6.24726234297521e-14                     0      2.81465761070221     -2.59790079675967     -5.07310127435202;  0.0412298855913418   0.0412298855913418   0.0433521761334821 9.99999997375243e-07 9.99999997375243e-07 9.99999997375243e-07   0.0138798025379097   0.0138798025379097    0.387915586725859;
1525099576783065272;   -0.295106490662486    -0.596960966532552      1.76975970915387 -1.99902404946107e-12 -6.24726234297521e-14                     0      2.81465761070221     -2.59790079675967     -5.07310127435202;  0.0412298855913418   0.0412298855913418   0.0433521761334821 9.99999997375243e-07 9.99999997375243e-07 9.99999997375243e-07   0.0138798025379097   0.0138798025379097    0.387915586725859;
1525099576984935620;   -0.217596078352287     -0.28927155674315      1.67323130277944 -1.99902404946107e-12 -6.24726234297521e-14                     0      2.81230741765594     -2.59630977947715     -5.06096030051223;  0.0808114412251489   0.0808114412251489   0.0839882569022021 9.99999997375243e-07 9.99999997375243e-07 9.99999997375243e-07   0.0139394062074402   0.0139394062074402    0.389667364191399;
1525099577183051544;   -0.217596078352287     -0.28927155674315      1.67323130277944 -1.99902404946107e-12 -6.24726234297521e-14                     0      2.81230741765594     -2.59630977947715     -5.06096030051223;  0.0808114412251489   0.0808114412251489   0.0839882569022021 9.99999997375243e-07 9.99999997375243e-07 9.99999997375243e-07   0.0139394062074402   0.0139394062074402    0.389667364191399;
1525099577382993176;   -0.217596078352287     -0.28927155674315      1.67323130277944 -1.99902404946107e-12 -6.24726234297521e-14                     0      2.81230741765594     -2.59630977947715     -5.06096030051223;  0.0808114412251489   0.0808114412251489   0.0839882569022021 9.99999997375243e-07 9.99999997375243e-07 9.99999997375243e-07   0.0139394062074402   0.0139394062074402    0.389667364191399;
1525099577586757556;  -0.0842880725296721     -0.16540927894321      1.17075195034099 -3.99804809892215e-12 -1.24945246859504e-13                     0      2.80996949614994     -2.59206036825728     -5.03283737626665;0.000596983268791287 0.000596983268791287  0.00245067364471807 9.99999997375243e-07 9.99999997375243e-07 9.99999997375243e-07     0.01399614094142     0.01399614094142    0.391220012195438;
1525099577784559968; -0.0281270323420044 -0.00643601742629132     1.14340077323324                    0                    0                    0     2.80996817855741     -2.5920685051549    -5.03286719163051;0.000591468620449257 0.000591468620449257  0.00236398465571166 9.99999997475243e-07 9.99999997475243e-07 9.99999997475243e-07   0.0140961406363262   0.0140961406363262    0.401219781051776;
1525099577985897980; -0.00306599407608569    0.0530824710535555      1.10192382747702 -3.99804809892215e-12 -1.24945246859504e-13                     0      2.80756594605887     -2.58927328649217     -5.01947988859407;0.000591392608876121 0.000591392608876121  0.00236343416786325 9.99999997375243e-07 9.99999997375243e-07 9.99999997375243e-07   0.0141529945756055   0.0141529945756055    0.402337460145738;
1525099578184211830;-0.00275541829161953   0.0533826237691402     1.09927085657148                    0                    0                    0     2.80756682813535    -2.58927333930221    -5.01956522915587;0.000591467489975712 0.000591467489975712  0.00236372593340357 9.99999997475243e-07 9.99999997475243e-07 9.99999997475243e-07   0.0142529944964267   0.0142529944964267    0.412337402417522;
1525099578385738556; -0.00258619699971948    0.0781662209931532     0.959190316899277 -3.99804809892215e-12 -1.24945246859504e-13                     0      2.80524676611176     -2.58632704639971     -5.01083955503758;0.000591392611069285 0.000591392611069285  0.00236343353259286 9.99999997375243e-07 9.99999997375243e-07 9.99999997375243e-07   0.0143088912013475   0.0143088912013475    0.412973770964399;
1525099578584228863;-0.00469155437281684   0.0718785885470057    0.824920398305214                    0                    0                    0     2.80524811174592    -2.58632551835329    -5.01075859372964;0.000591467489973452 0.000591467489973452  0.00236372593147628 9.99999997475243e-07 9.99999997475243e-07 9.99999997475243e-07   0.0144088911205021   0.0144088911205021    0.422973710517256;
1525099578784084451;0.0061089201177353 0.0906805940515089  0.726723404293625                  0                  0                  0   2.80524813073174  -2.58632549160444  -5.01075735751046;0.000591467505112083 0.000591467505112083  0.00236372680021013 9.99999997475243e-07 9.99999997475243e-07 9.99999997475243e-07   0.0145088911179601   0.0145088911179601    0.432973710114797;
1525099578986042454;   0.0171930894399627     0.130239133205607     0.625847430663012 -3.99804809892215e-12 -1.24945246859504e-13                     0       2.8030064457756     -2.58314960369223     -5.00381456951944;0.000591392615089732 0.000591392615089732  0.00236343381689455 9.99999997375243e-07 9.99999997375243e-07 9.99999997375243e-07   0.0145632036873283   0.0145632036873283    0.432683809425111;
1525099579184297631;0.0173377223677318   0.13075751056445  0.621089588011047                  0                  0                  0   2.80300766475841  -2.58314625480516  -5.00388825114526;0.000591467489976237 0.000591467489976237  0.00236372593234999 9.99999997475243e-07 9.99999997475243e-07 9.99999997475243e-07   0.0146632036037062   0.0146632036037062    0.442683743447079;
1525099579385006404;   0.0406030541290115      0.19745640364963     0.559089827796619 -3.99804809892215e-12 -1.24945246859504e-13                     0      2.80064025469583     -2.57973584191599     -5.00268431912507;  0.0412244278394329   0.0412244278394329   0.0432654347492062 9.99999997375243e-07 9.99999997375243e-07 9.99999997375243e-07   0.0147169535214564   0.0147169535214564    0.441966424754943;
1525099579583232117;   0.0406030541290115      0.19745640364963     0.559089827796619 -3.99804809892215e-12 -1.24945246859504e-13                     0      2.80064025469583     -2.57973584191599     -5.00268431912507;  0.0412244278394329   0.0412244278394329   0.0432654347492062 9.99999997375243e-07 9.99999997375243e-07 9.99999997375243e-07   0.0147169535214564   0.0147169535214564    0.441966424754943;
1525099579785004976;    0.115034785762495   -0.0072058695453993     0.472440385023602 -3.99804809892215e-12 -1.24945246859504e-13                     0      2.79809351789484     -2.57597362544267     -5.00511500198887;  0.0808066136027291   0.0808066136027291   0.0839039700460601 9.99999997375243e-07 9.99999997375243e-07 9.99999997375243e-07   0.0147715711311824   0.0147715711311824    0.441352687885755;
1525099579983137646;    0.115034785762495   -0.0072058695453993     0.472440385023602 -3.99804809892215e-12 -1.24945246859504e-13                     0      2.79809351789484     -2.57597362544267     -5.00511500198887;  0.0808066136027291   0.0808066136027291   0.0839039700460601 9.99999997375243e-07 9.99999997375243e-07 9.99999997375243e-07   0.0147715711311824   0.0147715711311824    0.441352687885755;
1525099580182959365;    0.115034785762495   -0.0072058695453993     0.472440385023602 -3.99804809892215e-12 -1.24945246859504e-13                     0      2.79809351789484     -2.57597362544267     -5.00511500198887;  0.0808066136027291   0.0808066136027291   0.0839039700460601 9.99999997375243e-07 9.99999997375243e-07 9.99999997375243e-07   0.0147715711311824   0.0147715711311824    0.441352687885755;
1525099580385696080;    0.142567103865358   -0.0925090692190166     0.358722034956291 -3.99804809892215e-12 -1.24945246859504e-13                     0      2.79577622767827     -2.57306170646626      -5.0083551853507;   0.118972774273324    0.118972774273324    0.124190932918709 9.99999997375243e-07 9.99999997375243e-07 9.99999997375243e-07   0.0148312233147611   0.0148312233147611    0.441703857814348;
1525099580583104156;    0.142567103865358   -0.0925090692190166     0.358722034956291 -3.99804809892215e-12 -1.24945246859504e-13                     0      2.79577622767827     -2.57306170646626      -5.0083551853507;   0.118972774273324    0.118972774273324    0.124190932918709 9.99999997375243e-07 9.99999997375243e-07 9.99999997375243e-07   0.0148312233147611   0.0148312233147611    0.441703857814348;
1525099580785129454;    0.179518207879838  -0.00933073203716233     0.288205215074293 -3.99804809892215e-12 -1.24945246859504e-13                     0       2.7933441708825     -2.57047763102574     -5.01074450784694;   0.155132679406927    0.155132679406927    0.163970907360655 9.99999997375243e-07 9.99999997375243e-07 9.99999997375243e-07   0.0148926900280752   0.0148926900280752    0.442168783804424;
1525099580983132609;    0.179518207879838  -0.00933073203716233     0.288205215074293 -3.99804809892215e-12 -1.24945246859504e-13                     0       2.7933441708825     -2.57047763102574     -5.01074450784694;   0.155132679406927    0.155132679406927    0.163970907360655 9.99999997375243e-07 9.99999997375243e-07 9.99999997375243e-07   0.0148926900280752   0.0148926900280752    0.442168783804424;
1525099581184958109;    0.182264986360394    0.0401679973815705       0.2816950201401 -3.99804809892215e-12 -1.24945246859504e-13                     0      2.79097448300289     -2.56802655608965     -5.01483252713606;   0.188925763083913    0.188925763083913    0.203134268551383 9.99999997375243e-07 9.99999997375243e-07 9.99999997375243e-07   0.0149563845280288   0.0149563845280288    0.442774279760673;
1525099581383225331;    0.182264986360394    0.0401679973815705       0.2816950201401 -3.99804809892215e-12 -1.24945246859504e-13                     0      2.79097448300289     -2.56802655608965     -5.01483252713606;   0.188925763083913    0.188925763083913    0.203134268551383 9.99999997375243e-07 9.99999997375243e-07 9.99999997375243e-07   0.0149563845280288   0.0149563845280288    0.442774279760673;
1525099581583086050;    0.182264986360394    0.0401679973815705       0.2816950201401 -3.99804809892215e-12 -1.24945246859504e-13                     0      2.79097448300289     -2.56802655608965     -5.01483252713606;   0.188925763083913    0.188925763083913    0.203134268551383 9.99999997375243e-07 9.99999997375243e-07 9.99999997375243e-07   0.0149563845280288   0.0149563845280288    0.442774279760673;
1525099581784905456;    0.180464020799795    0.0854543150288148     0.255823152764204 -3.99804809892215e-12 -1.24945246859504e-13                     0      2.78863352931585      -2.5657657173659     -5.01871949221801;   0.220109746516804    0.220109746516804    0.241586675866371 9.99999997375243e-07 9.99999997375243e-07 9.99999997375243e-07   0.0150226010403339   0.0150226010403339    0.443543520418214;
1525099581983208563;    0.180464020799795    0.0854543150288148     0.255823152764204 -3.99804809892215e-12 -1.24945246859504e-13                     0      2.78863352931585      -2.5657657173659     -5.01871949221801;   0.220109746516804    0.220109746516804    0.241586675866371 9.99999997375243e-07 9.99999997375243e-07 9.99999997375243e-07   0.0150226010403339   0.0150226010403339    0.443543520418214;
1525099582185250005;    0.156956394834812     0.132136722980645      0.22929003927024 -6.99658417311376e-12 -2.18654182004132e-13                     0      2.78624920681786     -2.56368651235246     -5.02218357408108;   0.248555621162053    0.248555621162053    0.279248241141197 9.99999997375243e-07 9.99999997375243e-07 9.99999997375243e-07   0.0150915164972666   0.0150915164972666    0.444496088927541;
1525099582383058925;    0.156956394834812     0.132136722980645      0.22929003927024 -6.99658417311376e-12 -2.18654182004132e-13                     0      2.78624920681786     -2.56368651235246     -5.02218357408108;   0.248555621162053    0.248555621162053    0.279248241141197 9.99999997375243e-07 9.99999997375243e-07 9.99999997375243e-07   0.0150915164972666   0.0150915164972666    0.444496088927541;
1525099582585099275;     0.12816288769575      0.17897644683959     0.203638404259977 -6.99658417311376e-12 -2.18654182004132e-13                     0      2.78396205787994     -2.56188329067069     -5.02396474218648;   0.274236266301512    0.274236266301512    0.316054157970828 9.99999997375243e-07 9.99999997375243e-07 9.99999997375243e-07   0.0151632011089824   0.0151632011089824    0.445648100239969;
1525099582782999531;     0.12816288769575      0.17897644683959     0.203638404259977 -6.99658417311376e-12 -2.18654182004132e-13                     0      2.78396205787994     -2.56188329067069     -5.02396474218648;   0.274236266301512    0.274236266301512    0.316054157970828 9.99999997375243e-07 9.99999997375243e-07 9.99999997375243e-07   0.0151632011089824   0.0151632011089824    0.445648100239969;
1525099582983060474;     0.12816288769575      0.17897644683959     0.203638404259977 -6.99658417311376e-12 -2.18654182004132e-13                     0      2.78396205787994     -2.56188329067069     -5.02396474218648;   0.274236266301512    0.274236266301512    0.316054157970828 9.99999997375243e-07 9.99999997375243e-07 9.99999997375243e-07   0.0151632011089824   0.0151632011089824    0.445648100239969;
1525099583184932814;    0.108915566979226     0.228115261184878     0.167057897822354 -6.99658417311376e-12 -2.18654182004132e-13                     0      2.78185910797613     -2.56030932018808     -5.02390648470243;   0.297208350345551    0.297208350345551    0.351953300234208 9.99999997375243e-07 9.99999997375243e-07 9.99999997375243e-07   0.0152376347031575   0.0152376347031575    0.447012384451602;
1525099583382991023;    0.108915566979226     0.228115261184878     0.167057897822354 -6.99658417311376e-12 -2.18654182004132e-13                     0      2.78185910797613     -2.56030932018808     -5.02390648470243;   0.297208350345551    0.297208350345551    0.351953300234208 9.99999997375243e-07 9.99999997375243e-07 9.99999997375243e-07   0.0152376347031575   0.0152376347031575    0.447012384451602;
1525099583584879236;   0.0778541017023082     0.273948722567395     0.118872700352207 -6.99658417311376e-12 -2.18654182004132e-13                     0       2.7800102369437     -2.55894467600688     -5.05193751949357;   0.317592298173639    0.317592298173639    0.386906661957419 9.99999997375243e-07 9.99999997375243e-07 9.99999997375243e-07   0.0153147257921096   0.0153147257921096    0.448598714042819;
1525099583783004556;   0.0778541017023082     0.273948722567395     0.118872700352207 -6.99658417311376e-12 -2.18654182004132e-13                     0       2.7800102369437     -2.55894467600688     -5.05193751949357;   0.317592298173639    0.317592298173639    0.386906661957419 9.99999997375243e-07 9.99999997375243e-07 9.99999997375243e-07   0.0153147257921096   0.0153147257921096    0.448598714042819;
1525099583985162949;    0.045156010289283     0.317516818322796    0.0732359743591757 -6.99658417311376e-12 -2.18654182004132e-13                     0       2.7783109942945     -2.55779410873098     -5.07483449956684;   0.335554280247567    0.335554280247567    0.420887440718522 9.99999997375243e-07 9.99999997375243e-07 9.99999997375243e-07    0.015394330853236    0.015394330853236    0.450414061006963;
1525099584183064837;    0.045156010289283     0.317516818322796    0.0732359743591757 -6.99658417311376e-12 -2.18654182004132e-13                     0       2.7783109942945     -2.55779410873098     -5.07483449956684;   0.335554280247567    0.335554280247567    0.420887440718522 9.99999997375243e-07 9.99999997375243e-07 9.99999997375243e-07    0.015394330853236    0.015394330853236    0.450414061006963;
1525099584383045110;    0.045156010289283     0.317516818322796    0.0732359743591757 -6.99658417311376e-12 -2.18654182004132e-13                     0       2.7783109942945     -2.55779410873098     -5.07483449956684;   0.335554280247567    0.335554280247567    0.420887440718522 9.99999997375243e-07 9.99999997375243e-07 9.99999997375243e-07    0.015394330853236    0.015394330853236    0.450414061006963;
1525099584585054783;   0.0273380953579114     0.360940176986951    0.0185316216405971 -6.99658417311376e-12 -2.18654182004132e-13                     0      2.77685636653616     -2.55682947517627       -5.092852813303;   0.351288440727186    0.351288440727186    0.453879271503083 9.99999997375243e-07 9.99999997375243e-07 9.99999997375243e-07   0.0154762720416339   0.0154762720416339    0.452462871439621;
1525099584783212975;   0.0273380953579114     0.360940176986951    0.0185316216405971 -6.99658417311376e-12 -2.18654182004132e-13                     0      2.77685636653616     -2.55682947517627       -5.092852813303;   0.351288440727186    0.351288440727186    0.453879271503083 9.99999997375243e-07 9.99999997375243e-07 9.99999997375243e-07   0.0154762720416339   0.0154762720416339    0.452462871439621;
1525099584985132690;  0.00181955477959637     0.398879824387851   -0.0212068625816729 -6.99658417311376e-12 -2.18654182004132e-13                     0      2.77565053171203     -2.55603133541864     -5.10702922173164;   0.365210789901438    0.365210789901438    0.485945752132782 9.99999997375243e-07 9.99999997375243e-07 9.99999997375243e-07   0.0155604740705367   0.0155604740705367     0.45480842559704;
1525099585183112286;  0.00181955477959637     0.398879824387851   -0.0212068625816729 -6.99658417311376e-12 -2.18654182004132e-13                     0      2.77565053171203     -2.55603133541864     -5.10702922173164;   0.365210789901438    0.365210789901438    0.485945752132782 9.99999997375243e-07 9.99999997375243e-07 9.99999997375243e-07   0.0155604740705367   0.0155604740705367     0.45480842559704;
1525099585384800821;  -0.0169096335177269     0.434668162638718   -0.0591351100482755 -6.99658417311376e-12 -2.18654182004132e-13                     0      2.77470486485929     -2.55535403838561     -5.11870902642816;   0.377306483070444    0.377306483070444    0.517018596962491 9.99999997375243e-07 9.99999997375243e-07 9.99999997375243e-07   0.0156465800726895   0.0156465800726895    0.457383309250919;
1525099585583055962;  -0.0169096335177269     0.434668162638718   -0.0591351100482755 -6.99658417311376e-12 -2.18654182004132e-13                     0      2.77470486485929     -2.55535403838561     -5.11870902642816;   0.377306483070444    0.377306483070444    0.517018596962491 9.99999997375243e-07 9.99999997375243e-07 9.99999997375243e-07   0.0156465800726895   0.0156465800726895    0.457383309250919;
1525099585783040483;  -0.0169096335177269     0.434668162638718   -0.0591351100482755 -6.99658417311376e-12 -2.18654182004132e-13                     0      2.77470486485929     -2.55535403838561     -5.11870902642816;   0.377306483070444    0.377306483070444    0.517018596962491 9.99999997375243e-07 9.99999997375243e-07 9.99999997375243e-07   0.0156465800726895   0.0156465800726895    0.457383309250919;
1525099585985039608;  -0.0223803550249477      0.46876079517583    -0.107049907305917 -6.99658417311376e-12 -2.18654182004132e-13                     0      2.77386429108892     -2.55481959804057     -5.12787271396509;   0.387779537560672    0.387779537560672    0.547105159530564 9.99999997375243e-07 9.99999997375243e-07 9.99999997375243e-07   0.0157343940015361   0.0157343940015361    0.460186564626716;
1525099586183046820;  -0.0223803550249477      0.46876079517583    -0.107049907305917 -6.99658417311376e-12 -2.18654182004132e-13                     0      2.77386429108892     -2.55481959804057     -5.12787271396509;   0.387779537560672    0.387779537560672    0.547105159530564 9.99999997375243e-07 9.99999997375243e-07 9.99999997375243e-07   0.0157343940015361   0.0157343940015361    0.460186564626716;
1525099586385236930;  -0.0438130453678834     0.498557255900388    -0.141170026229399 -6.99658417311376e-12 -2.18654182004132e-13                     0      2.77302688940084     -2.55436466836177     -5.13529938008033;   0.396822816800253    0.396822816800253    0.576218146510489 9.99999997375243e-07 9.99999997375243e-07 9.99999997375243e-07   0.0158237271406456   0.0158237271406456    0.463215778122714;
1525099586583045667;  -0.0438130453678834     0.498557255900388    -0.141170026229399 -6.99658417311376e-12 -2.18654182004132e-13                     0      2.77302688940084     -2.55436466836177     -5.13529938008033;   0.396822816800253    0.396822816800253    0.576218146510489 9.99999997375243e-07 9.99999997375243e-07 9.99999997375243e-07   0.0158237271406456   0.0158237271406456    0.463215778122714;
1525099586785604042;  -0.0643707448235513     0.524737325748916    -0.173861698111835 -3.99804809892215e-12 -1.24945246859504e-13                     0      2.77227304315958     -2.55400809378617      -5.1412750859015;   0.403952746080417    0.403952746080417    0.604109144054096 9.99999997375243e-07 9.99999997375243e-07 9.99999997375243e-07    0.015914216214707    0.015914216214707    0.466327188696763;
1525099586982773608;  -0.0643707448235513     0.524737325748916    -0.173861698111835 -3.99804809892215e-12 -1.24945246859504e-13                     0      2.77227304315958     -2.55400809378617      -5.1412750859015;   0.403952746080417    0.403952746080417    0.604109144054096 9.99999997375243e-07 9.99999997375243e-07 9.99999997375243e-07    0.015914216214707    0.015914216214707    0.466327188696763;
