pose_time;vehicle_id;position;orientation;
1518007302913989999;0;-0.165705,0.0240594,1.73589;0.108912,0.778687,-0.608108,0.109494
1518007303081607999;0;-0.165314,0.0242833,1.73495;0.109414,0.777981,-0.60893,0.109444
1518007303249205000;0;-0.165705,0.0240594,1.73589;0.108912,0.778687,-0.608108,0.109494
1518007303500586000;0;-0.165314,0.0242833,1.73495;0.109414,0.777981,-0.60893,0.109444
1518007303668163999;0;-0.165111,0.024031,1.73522;0.109542,0.77839,-0.608498,0.108812
1518007303835782000;0;-0.164879,0.0240907,1.73533;0.109225,0.778069,-0.608908,0.109128
1518007304087261999;0;-0.165314,0.0242833,1.73495;0.109414,0.777981,-0.60893,0.109444
1518007304254859999;0;-0.165111,0.024031,1.73522;0.109542,0.77839,-0.608498,0.108812
1518007304422477000;0;-0.164879,0.0240907,1.73533;0.109225,0.778069,-0.608908,0.109128
1518007304673862000;0;-0.165314,0.0242833,1.73495;0.109414,0.777981,-0.60893,0.109444
1518007304841501999;0;-0.165705,0.0240594,1.73589;0.108912,0.778687,-0.608108,0.109494
1518007305092917999;0;-0.165314,0.0242833,1.73495;0.109414,0.777981,-0.60893,0.109444
1518007305260518999;0;-0.165111,0.024031,1.73522;0.109542,0.77839,-0.608498,0.108812
1518007305428067999;0;-0.165314,0.0242833,1.73495;0.109414,0.777981,-0.60893,0.109444
1518007305679509999;0;-0.165314,0.0242833,1.73495;0.109414,0.777981,-0.60893,0.109444
1518007305847113999;0;-0.165314,0.0242833,1.73495;0.109414,0.777981,-0.60893,0.109444
1518007306098584999;0;-0.165314,0.0242833,1.73495;0.109414,0.777981,-0.60893,0.109444
1518007306266157999;0;-0.165314,0.0242833,1.73495;0.109414,0.777981,-0.60893,0.109444
1518007306433786999;0;-0.165705,0.0240594,1.73589;0.108912,0.778687,-0.608108,0.109494
1518007306685140999;0;-0.165111,0.024031,1.73522;0.109542,0.77839,-0.608498,0.108812
1518007306852781999;0;-0.165314,0.0242833,1.73495;0.109414,0.777981,-0.60893,0.109444
1518007307104211999;0;-0.165314,0.0242833,1.73495;0.109414,0.777981,-0.60893,0.109444
1518007307271663999;0;-0.165314,0.0242833,1.73495;0.109414,0.777981,-0.60893,0.109444
1518007307439419999;0;-0.165314,0.0242833,1.73495;0.109414,0.777981,-0.60893,0.109444
1518007307690784999;0;-0.165082,0.0243429,1.73507;0.109097,0.777661,-0.609339,0.109759
1518007307858431999;0;-0.165111,0.024031,1.73522;0.109542,0.77839,-0.608498,0.108812
1518007308026053999;0;-0.165314,0.0242833,1.73495;0.109414,0.777981,-0.60893,0.109444
1518007308277517999;0;-0.165111,0.024031,1.73522;0.109542,0.77839,-0.608498,0.108812
1518007308445075999;0;-0.165111,0.024031,1.73522;0.109542,0.77839,-0.608498,0.108812
1518007308696540999;0;-0.165111,0.024031,1.73522;0.109542,0.77839,-0.608498,0.108812
1518007308864119999;0;-0.165314,0.0242833,1.73495;0.109414,0.777981,-0.60893,0.109444
1518007309031672999;0;-0.165111,0.024031,1.73522;0.109542,0.77839,-0.608498,0.108812
1518007309283148999;0;-0.165111,0.024031,1.73522;0.109542,0.77839,-0.608498,0.108812
1518007309450739999;0;-0.165314,0.0242833,1.73495;0.109414,0.777981,-0.60893,0.109444
1518007309702154999;0;-0.165705,0.0240594,1.73589;0.108912,0.778687,-0.608108,0.109494
1518007309869764000;0;-0.165314,0.0242833,1.73495;0.109414,0.777981,-0.60893,0.109444
1518007310037335999;0;-0.165705,0.0240594,1.73589;0.108912,0.778687,-0.608108,0.109494
1518007310288798999;0;-0.165705,0.0240594,1.73589;0.108912,0.778687,-0.608108,0.109494
1518007310456408999;0;-0.165082,0.0243429,1.73507;0.109097,0.777661,-0.609339,0.109759
1518007310624018999;0;-0.165314,0.0242833,1.73495;0.109414,0.777981,-0.60893,0.109444
1518007310875446999;0;-0.165111,0.024031,1.73522;0.109542,0.77839,-0.608498,0.108812
1518007311043061999;0;-0.165314,0.0242833,1.73495;0.109414,0.777981,-0.60893,0.109444
1518007311294480999;0;-0.165111,0.024031,1.73522;0.109542,0.77839,-0.608498,0.108812
1518007311462079999;0;-0.165503,0.0238066,1.73616;0.10904,0.779096,-0.607675,0.108863
1518007311629688999;0;-0.165705,0.0240594,1.73589;0.108912,0.778687,-0.608108,0.109494
1518007311881085999;0;-0.165705,0.0240594,1.73589;0.108912,0.778687,-0.608108,0.109494
1518007312048648999;0;-0.165111,0.024031,1.73522;0.109542,0.77839,-0.608498,0.108812
1518007312300115999;0;-0.165314,0.0242833,1.73495;0.109414,0.777981,-0.60893,0.109444
1518007312467733999;0;-0.165705,0.0240594,1.73589;0.108912,0.778687,-0.608108,0.109494
1518007312635382999;0;-0.165111,0.024031,1.73522;0.109542,0.77839,-0.608498,0.108812
1518007312886791999;0;-0.165705,0.0240594,1.73589;0.108912,0.778687,-0.608108,0.109494
1518007313054344000;0;-0.165314,0.0242833,1.73495;0.109414,0.777981,-0.60893,0.109444
1518007313221946000;0;-0.165314,0.0242833,1.73495;0.109414,0.777981,-0.60893,0.109444
1518007313473372999;0;-0.165111,0.024031,1.73522;0.109542,0.77839,-0.608498,0.108812
1518007313640967999;0;-0.165705,0.0240594,1.73589;0.108912,0.778687,-0.608108,0.109494
1518007313892355999;0;-0.165314,0.0242833,1.73495;0.109414,0.777981,-0.60893,0.109444
1518007314059987000;0;-0.165314,0.0242833,1.73495;0.109414,0.777981,-0.60893,0.109444
1518007314227609999;0;-0.165314,0.0242833,1.73495;0.109414,0.777981,-0.60893,0.109444
1518007314479046999;0;-0.165314,0.0242833,1.73495;0.109414,0.777981,-0.60893,0.109444
1518007314646627999;0;-0.165314,0.0242833,1.73495;0.109414,0.777981,-0.60893,0.109444
1518007314898075000;0;-0.165314,0.0242833,1.73495;0.109414,0.777981,-0.60893,0.109444
1518007315065708000;0;-0.165705,0.0240594,1.73589;0.108912,0.778687,-0.608108,0.109494
1518007315233259999;0;-0.165314,0.0242833,1.73495;0.109414,0.777981,-0.60893,0.109444
1518007315484716999;0;-0.165314,0.0242833,1.73495;0.109414,0.777981,-0.60893,0.109444
1518007315652332000;0;-0.165314,0.0242833,1.73495;0.109414,0.777981,-0.60893,0.109444
1518007315903721000;0;-0.165314,0.0242833,1.73495;0.109414,0.777981,-0.60893,0.109444
1518007316071411999;0;-0.165314,0.0242833,1.73495;0.109414,0.777981,-0.60893,0.109444
1518007316238929999;0;-0.165705,0.0240594,1.73589;0.108912,0.778687,-0.608108,0.109494
1518007316490389000;0;-0.165111,0.024031,1.73522;0.109542,0.77839,-0.608498,0.108812
1518007316657963000;0;-0.165503,0.0238066,1.73616;0.10904,0.779096,-0.607675,0.108863
1518007316825649999;0;-0.165705,0.0240594,1.73589;0.108912,0.778687,-0.608108,0.109494
1518007317077013999;0;-0.165314,0.0242833,1.73495;0.109414,0.777981,-0.60893,0.109444
1518007317244521000;0;-0.165314,0.0242833,1.73495;0.109414,0.777981,-0.60893,0.109444
1518007317496016000;0;-0.165111,0.024031,1.73522;0.109542,0.77839,-0.608498,0.108812
1518007317663615999;0;-0.165314,0.0242833,1.73495;0.109414,0.777981,-0.60893,0.109444
1518007317831196999;0;-0.165111,0.024031,1.73522;0.109542,0.77839,-0.608498,0.108812
1518007318082649999;0;-0.165082,0.0243429,1.73507;0.109097,0.777661,-0.609339,0.109759
1518007318250294999;0;-0.165705,0.0240594,1.73589;0.108912,0.778687,-0.608108,0.109494
1518007318501705000;0;-0.165705,0.0240594,1.73589;0.108912,0.778687,-0.608108,0.109494
1518007318669292000;0;-0.165111,0.024031,1.73522;0.109542,0.77839,-0.608498,0.108812
1518007318836898000;0;-0.165705,0.0240594,1.73589;0.108912,0.778687,-0.608108,0.109494
1518007319088310999;0;-0.165314,0.0242833,1.73495;0.109414,0.777981,-0.60893,0.109444
1518007319255917999;0;-0.165503,0.0238066,1.73616;0.10904,0.779096,-0.607675,0.108863
1518007319423543999;0;-0.165314,0.0242833,1.73495;0.109414,0.777981,-0.60893,0.109444
1518007319674955999;0;-0.165314,0.0242833,1.73495;0.109414,0.777981,-0.60893,0.109444
1518007319842647999;0;-0.165314,0.0242833,1.73495;0.109414,0.777981,-0.60893,0.109444
1518007320093809999;0;-0.165314,0.0242833,1.73495;0.109414,0.777981,-0.60893,0.109444
1518007320261630999;0;-0.165705,0.0240594,1.73589;0.108912,0.778687,-0.608108,0.109494
1518007320429196000;0;-0.165314,0.0242833,1.73495;0.109414,0.777981,-0.60893,0.109444
1518007320680583999;0;-0.165314,0.0242833,1.73495;0.109414,0.777981,-0.60893,0.109444
1518007320848195000;0;-0.165705,0.0240594,1.73589;0.108912,0.778687,-0.608108,0.109494
1518007321099615000;0;-0.165314,0.0242833,1.73495;0.109414,0.777981,-0.60893,0.109444
1518007321267225999;0;-0.165111,0.024031,1.73522;0.109542,0.77839,-0.608498,0.108812
1518007321434821999;0;-0.165111,0.024031,1.73522;0.109542,0.77839,-0.608498,0.108812
1518007321686248999;0;-0.165705,0.0240594,1.73589;0.108912,0.778687,-0.608108,0.109494
1518007321853839999;0;-0.165314,0.0242833,1.73495;0.109414,0.777981,-0.60893,0.109444
1518007322021517000;0;-0.165503,0.0238066,1.73616;0.10904,0.779096,-0.607675,0.108863
1518007322272901999;0;-0.165314,0.0242833,1.73495;0.109414,0.777981,-0.60893,0.109444
1518007322440434000;0;-0.165314,0.0242833,1.73495;0.109414,0.777981,-0.60893,0.109444
1518007322691906999;0;-0.165705,0.0240594,1.73589;0.108912,0.778687,-0.608108,0.109494
1518007322859540999;0;-0.165111,0.024031,1.73522;0.109542,0.77839,-0.608498,0.108812
1518007323027118999;0;-0.165314,0.0242833,1.73495;0.109414,0.777981,-0.60893,0.109444
1518007323278528999;0;-0.165503,0.0238066,1.73616;0.10904,0.779096,-0.607675,0.108863
1518007323446143999;0;-0.165314,0.0242833,1.73495;0.109414,0.777981,-0.60893,0.109444
1518007323697623999;0;-0.165314,0.0242833,1.73495;0.109414,0.777981,-0.60893,0.109444
1518007323865170999;0;-0.165314,0.0242833,1.73495;0.109414,0.777981,-0.60893,0.109444
1518007324032729999;0;-0.165111,0.024031,1.73522;0.109542,0.77839,-0.608498,0.108812
1518007324284182999;0;-0.165314,0.0242833,1.73495;0.109414,0.777981,-0.60893,0.109444
1518007324451808999;0;-0.165314,0.0242833,1.73495;0.109414,0.777981,-0.60893,0.109444
1518007324703232999;0;-0.165314,0.0242833,1.73495;0.109414,0.777981,-0.60893,0.109444
1518007324870824999;0;-0.165111,0.024031,1.73522;0.109542,0.77839,-0.608498,0.108812
1518007325038449999;0;-0.165314,0.0242833,1.73495;0.109414,0.777981,-0.60893,0.109444
1518007325289867999;0;-0.165314,0.0242833,1.73495;0.109414,0.777981,-0.60893,0.109444
1518007325457534000;0;-0.165111,0.024031,1.73522;0.109542,0.77839,-0.608498,0.108812
1518007325625072999;0;-0.165314,0.0242833,1.73495;0.109414,0.777981,-0.60893,0.109444
1518007325876490000;0;-0.165314,0.0242833,1.73495;0.109414,0.777981,-0.60893,0.109444
1518007326044080999;0;-0.165314,0.0242833,1.73495;0.109414,0.777981,-0.60893,0.109444
1518007326295510999;0;-0.164879,0.0240907,1.73533;0.109225,0.778069,-0.608908,0.109128
1518007326463114999;0;-0.165503,0.0238066,1.73616;0.10904,0.779096,-0.607675,0.108863
1518007326630721999;0;-0.165314,0.0242833,1.73495;0.109414,0.777981,-0.60893,0.109444
1518007326882141999;0;-0.165705,0.0240594,1.73589;0.108912,0.778687,-0.608108,0.109494
1518007327049736999;0;-0.165705,0.0240594,1.73589;0.108912,0.778687,-0.608108,0.109494
1518007327301175999;0;-0.165314,0.0242833,1.73495;0.109414,0.777981,-0.60893,0.109444
1518007327468781999;0;-0.165314,0.0242833,1.73495;0.109414,0.777981,-0.60893,0.109444
1518007327636336999;0;-0.165314,0.0242833,1.73495;0.109414,0.777981,-0.60893,0.109444
1518007327887733999;0;-0.165314,0.0242833,1.73495;0.109414,0.777981,-0.60893,0.109444
1518007328055398999;0;-0.165314,0.0242833,1.73495;0.109414,0.777981,-0.60893,0.109444
1518007328223034999;0;-0.165314,0.0242833,1.73495;0.109414,0.777981,-0.60893,0.109444
1518007328474471999;0;-0.165705,0.0240594,1.73589;0.108912,0.778687,-0.608108,0.109494
1518007328642064999;0;-0.165111,0.024031,1.73522;0.109542,0.77839,-0.608498,0.108812
1518007328893524000;0;-0.165314,0.0242833,1.73495;0.109414,0.777981,-0.60893,0.109444
1518007329061091000;0;-0.165314,0.0242833,1.73495;0.109414,0.777981,-0.60893,0.109444
1518007329228714999;0;-0.165111,0.024031,1.73522;0.109542,0.77839,-0.608498,0.108812
1518007329480125999;0;-0.165314,0.0242833,1.73495;0.109414,0.777981,-0.60893,0.109444
1518007329647695999;0;-0.165314,0.0242833,1.73495;0.109414,0.777981,-0.60893,0.109444
1518007329899131000;0;-0.165111,0.024031,1.73522;0.109542,0.77839,-0.608498,0.108812
1518007330066761000;0;-0.165111,0.024031,1.73522;0.109542,0.77839,-0.608498,0.108812
1518007330234368999;0;-0.165314,0.0242833,1.73495;0.109414,0.777981,-0.60893,0.109444
1518007330485777999;0;-0.165705,0.0240594,1.73589;0.108912,0.778687,-0.608108,0.109494
1518007330653428999;0;-0.165111,0.024031,1.73522;0.109542,0.77839,-0.608498,0.108812
1518007330904803999;0;-0.165111,0.024031,1.73522;0.109542,0.77839,-0.608498,0.108812
1518007331072435999;0;-0.165111,0.024031,1.73522;0.109542,0.77839,-0.608498,0.108812
1518007331240019999;0;-0.165314,0.0242833,1.73495;0.109414,0.777981,-0.60893,0.109444
1518007331491439999;0;-0.165503,0.0238066,1.73616;0.10904,0.779096,-0.607675,0.108863
1518007331658997999;0;-0.165314,0.0242833,1.73495;0.109414,0.777981,-0.60893,0.109444
1518007331826654999;0;-0.165314,0.0242833,1.73495;0.109414,0.777981,-0.60893,0.109444
1518007332078070999;0;-0.165314,0.0242833,1.73495;0.109414,0.777981,-0.60893,0.109444
1518007332245714000;0;-0.165314,0.0242833,1.73495;0.109414,0.777981,-0.60893,0.109444
1518007332497089999;0;-0.165314,0.0242833,1.73495;0.109414,0.777981,-0.60893,0.109444
1518007332664690999;0;-0.165473,0.0241191,1.736;0.108595,0.778367,-0.608518,0.10981
1518007332832278999;0;-0.165314,0.0242833,1.73495;0.109414,0.777981,-0.60893,0.109444
1518007333083717999;0;-0.165314,0.0242833,1.73495;0.109414,0.777981,-0.60893,0.109444
1518007333251322999;0;-0.165503,0.0238066,1.73616;0.10904,0.779096,-0.607675,0.108863
1518007333502752999;0;-0.165705,0.0240594,1.73589;0.108912,0.778687,-0.608108,0.109494
1518007333670356000;0;-0.165111,0.024031,1.73522;0.109542,0.77839,-0.608498,0.108812
1518007333837968999;0;-0.165705,0.0240594,1.73589;0.108912,0.778687,-0.608108,0.109494
1518007334089383999;0;-0.165705,0.0240594,1.73589;0.108912,0.778687,-0.608108,0.109494
1518007334256996999;0;-0.165314,0.0242833,1.73495;0.109414,0.777981,-0.60893,0.109444
1518007334424606999;0;-0.165111,0.024031,1.73522;0.109542,0.77839,-0.608498,0.108812
1518007334675979999;0;-0.165705,0.0240594,1.73589;0.108912,0.778687,-0.608108,0.109494
1518007334843632999;0;-0.165314,0.0242833,1.73495;0.109414,0.777981,-0.60893,0.109444
1518007335095048999;0;-0.165314,0.0242833,1.73495;0.109414,0.777981,-0.60893,0.109444
1518007335262697000;0;-0.165314,0.0242833,1.73495;0.109414,0.777981,-0.60893,0.109444
1518007335430274999;0;-0.165503,0.0238066,1.73616;0.10904,0.779096,-0.607675,0.108863
1518007335681731999;0;-0.165314,0.0242833,1.73495;0.109414,0.777981,-0.60893,0.109444
1518007335849286000;0;-0.165314,0.0242833,1.73495;0.109414,0.777981,-0.60893,0.109444
1518007336100703000;0;-0.165314,0.0242833,1.73495;0.109414,0.777981,-0.60893,0.109444
1518007336268301000;0;-0.165705,0.0240594,1.73589;0.108912,0.778687,-0.608108,0.109494
1518007336435946999;0;-0.165314,0.0242833,1.73495;0.109414,0.777981,-0.60893,0.109444
1518007336687323999;0;-0.165503,0.0238066,1.73616;0.10904,0.779096,-0.607675,0.108863
1518007336854951999;0;-0.165111,0.024031,1.73522;0.109542,0.77839,-0.608498,0.108812
1518007337022559999;0;-0.165314,0.0242833,1.73495;0.109414,0.777981,-0.60893,0.109444
1518007337273988999;0;-0.165111,0.024031,1.73522;0.109542,0.77839,-0.608498,0.108812
1518007337441628999;0;-0.165705,0.0240594,1.73589;0.108912,0.778687,-0.608108,0.109494
1518007337693011999;0;-0.165111,0.024031,1.73522;0.109542,0.77839,-0.608498,0.108812
1518007337860597999;0;-0.165111,0.024031,1.73522;0.109542,0.77839,-0.608498,0.108812
1518007338028246999;0;-0.165705,0.0240594,1.73589;0.108912,0.778687,-0.608108,0.109494
1518007338279637999;0;-0.165705,0.0240594,1.73589;0.108912,0.778687,-0.608108,0.109494
1518007338447236999;0;-0.165314,0.0242833,1.73495;0.109414,0.777981,-0.60893,0.109444
1518007338698652000;0;-0.165705,0.0240594,1.73589;0.108912,0.778687,-0.608108,0.109494
1518007338866363999;0;-0.165705,0.0240594,1.73589;0.108912,0.778687,-0.608108,0.109494
1518007339033883999;0;-0.165314,0.0242833,1.73495;0.109414,0.777981,-0.60893,0.109444
1518007339285274999;0;-0.165111,0.024031,1.73522;0.109542,0.77839,-0.608498,0.108812
1518007339452886000;0;-0.165705,0.0240594,1.73589;0.108912,0.778687,-0.608108,0.109494
1518007339704299999;0;-0.165705,0.0240594,1.73589;0.108912,0.778687,-0.608108,0.109494
1518007339871898999;0;-0.165111,0.024031,1.73522;0.109542,0.77839,-0.608498,0.108812
1518007340039547999;0;-0.165705,0.0240594,1.73589;0.108912,0.778687,-0.608108,0.109494
1518007340290936999;0;-0.165705,0.0240594,1.73589;0.108912,0.778687,-0.608108,0.109494
1518007340458536999;0;-0.165705,0.0240594,1.73589;0.108912,0.778687,-0.608108,0.109494
1518007340626151999;0;-0.165503,0.0238066,1.73616;0.10904,0.779096,-0.607675,0.108863
1518007340877634999;0;-0.165111,0.024031,1.73522;0.109542,0.77839,-0.608498,0.108812
1518007341045190999;0;-0.165314,0.0242833,1.73495;0.109414,0.777981,-0.60893,0.109444
1518007341296628999;0;-0.165705,0.0240594,1.73589;0.108912,0.778687,-0.608108,0.109494
1518007341464249999;0;-0.165705,0.0240594,1.73589;0.108912,0.778687,-0.608108,0.109494
1518007341631773999;0;-0.165314,0.0242833,1.73495;0.109414,0.777981,-0.60893,0.109444
1518007341883229999;0;-0.165705,0.0240594,1.73589;0.108912,0.778687,-0.608108,0.109494
1518007342050870000;0;-0.165111,0.024031,1.73522;0.109542,0.77839,-0.608498,0.108812
1518007342302298000;0;-0.165314,0.0242833,1.73495;0.109414,0.777981,-0.60893,0.109444
1518007342470082999;0;-0.165503,0.0238066,1.73616;0.10904,0.779096,-0.607675,0.108863
1518007342637452999;0;-0.165705,0.0240594,1.73589;0.108912,0.778687,-0.608108,0.109494
1518007342888904999;0;-0.165705,0.0240594,1.73589;0.108912,0.778687,-0.608108,0.109494
1518007343056499999;0;-0.165705,0.0240594,1.73589;0.108912,0.778687,-0.608108,0.109494
1518007343224202999;0;-0.165503,0.0238066,1.73616;0.10904,0.779096,-0.607675,0.108863
1518007343475556999;0;-0.165314,0.0242833,1.73495;0.109414,0.777981,-0.60893,0.109444
1518007343643138999;0;-0.165314,0.0242833,1.73495;0.109414,0.777981,-0.60893,0.109444
1518007343894543999;0;-0.16527,0.0238665,1.73627;0.108723,0.778775,-0.608086,0.109178
1518007344062159999;0;-0.165111,0.024031,1.73522;0.109542,0.77839,-0.608498,0.108812
1518007344229769000;0;-0.165314,0.0242833,1.73495;0.109414,0.777981,-0.60893,0.109444
1518007344481173000;0;-0.165503,0.0238066,1.73616;0.10904,0.779096,-0.607675,0.108863
1518007344648805999;0;-0.165111,0.024031,1.73522;0.109542,0.77839,-0.608498,0.108812
1518007344900240999;0;-0.165314,0.0242833,1.73495;0.109414,0.777981,-0.60893,0.109444
1518007345067852999;0;-0.165314,0.0242833,1.73495;0.109414,0.777981,-0.60893,0.109444
1518007345235400999;0;-0.165111,0.024031,1.73522;0.109542,0.77839,-0.608498,0.108812
1518007345486844000;0;-0.164879,0.0240907,1.73533;0.109225,0.778069,-0.608908,0.109128
1518007345654465999;0;-0.165314,0.0242833,1.73495;0.109414,0.777981,-0.60893,0.109444
1518007345822039000;0;-0.165503,0.0238066,1.73616;0.10904,0.779096,-0.607675,0.108863
1518007346073472999;0;-0.165314,0.0242833,1.73495;0.109414,0.777981,-0.60893,0.109444
1518007346241094999;0;-0.165705,0.0240594,1.73589;0.108912,0.778687,-0.608108,0.109494
1518007346492502999;0;-0.165503,0.0238066,1.73616;0.10904,0.779096,-0.607675,0.108863
1518007346660151000;0;-0.165111,0.024031,1.73522;0.109542,0.77839,-0.608498,0.108812
1518007346827743999;0;-0.165314,0.0242833,1.73495;0.109414,0.777981,-0.60893,0.109444
1518007347079165000;0;-0.165314,0.0242833,1.73495;0.109414,0.777981,-0.60893,0.109444
1518007347246751999;0;-0.165314,0.0242833,1.73495;0.109414,0.777981,-0.60893,0.109444
1518007347498145000;0;-0.165082,0.0243429,1.73507;0.109097,0.777661,-0.609339,0.109759
1518007347666005999;0;-0.165111,0.024031,1.73522;0.109542,0.77839,-0.608498,0.108812
1518007347833442999;0;-0.165503,0.0238066,1.73616;0.10904,0.779096,-0.607675,0.108863
1518007348084723999;0;-0.165705,0.0240594,1.73589;0.108912,0.778687,-0.608108,0.109494
1518007348252406000;0;-0.165503,0.0238066,1.73616;0.10904,0.779096,-0.607675,0.108863
1518007348503756999;0;-0.165111,0.024031,1.73522;0.109542,0.77839,-0.608498,0.108812
1518007348671409000;0;-0.165111,0.024031,1.73522;0.109542,0.77839,-0.608498,0.108812
1518007348839047999;0;-0.165314,0.0242833,1.73495;0.109414,0.777981,-0.60893,0.109444
1518007349090460999;0;-0.165503,0.0238066,1.73616;0.10904,0.779096,-0.607675,0.108863
1518007349258070999;0;-0.165503,0.0238066,1.73616;0.10904,0.779096,-0.607675,0.108863
1518007349425705000;0;-0.165314,0.0242833,1.73495;0.109414,0.777981,-0.60893,0.109444
1518007349677099999;0;-0.165314,0.0242833,1.73495;0.109414,0.777981,-0.60893,0.109444
1518007349844704999;0;-0.16527,0.0238665,1.73627;0.108723,0.778775,-0.608086,0.109178
1518007350096115999;0;-0.165111,0.024031,1.73522;0.109542,0.77839,-0.608498,0.108812
1518007350263735999;0;-0.165705,0.0240594,1.73589;0.108912,0.778687,-0.608108,0.109494
1518007350431303999;0;-0.165503,0.0238066,1.73616;0.10904,0.779096,-0.607675,0.108863
1518007350682776999;0;-0.165503,0.0238066,1.73616;0.10904,0.779096,-0.607675,0.108863
1518007350850370999;0;-0.165705,0.0240594,1.73589;0.108912,0.778687,-0.608108,0.109494
1518007351101814999;0;-0.165111,0.024031,1.73522;0.109542,0.77839,-0.608498,0.108812
1518007351269421999;0;-0.165111,0.024031,1.73522;0.109542,0.77839,-0.608498,0.108812
1518007351436987000;0;-0.165705,0.0240594,1.73589;0.108912,0.778687,-0.608108,0.109494
1518007351688419000;0;-0.165314,0.0242833,1.73495;0.109414,0.777981,-0.60893,0.109444
1518007351856010999;0;-0.165503,0.0238066,1.73616;0.10904,0.779096,-0.607675,0.108863
1518007352023607999;0;-0.165111,0.024031,1.73522;0.109542,0.77839,-0.608498,0.108812
1518007352275044999;0;-0.165503,0.0238066,1.73616;0.10904,0.779096,-0.607675,0.108863
1518007352442665999;0;-0.165111,0.024031,1.73522;0.109542,0.77839,-0.608498,0.108812
1518007352694066999;0;-0.165705,0.0240594,1.73589;0.108912,0.778687,-0.608108,0.109494
1518007352861648999;0;-0.165111,0.024031,1.73522;0.109542,0.77839,-0.608498,0.108812
1518007353029263999;0;-0.165314,0.0242833,1.73495;0.109414,0.777981,-0.60893,0.109444
1518007353280719999;0;-0.165314,0.0242833,1.73495;0.109414,0.777981,-0.60893,0.109444
1518007353448433999;0;-0.165705,0.0240594,1.73589;0.108912,0.778687,-0.608108,0.109494
1518007353699794999;0;-0.165111,0.024031,1.73522;0.109542,0.77839,-0.608498,0.108812
1518007353867328999;0;-0.165314,0.0242833,1.73495;0.109414,0.777981,-0.60893,0.109444
1518007354034933999;0;-0.165314,0.0242833,1.73495;0.109414,0.777981,-0.60893,0.109444
1518007354286368999;0;-0.165705,0.0240594,1.73589;0.108912,0.778687,-0.608108,0.109494
1518007354453973000;0;-0.165503,0.0238066,1.73616;0.10904,0.779096,-0.607675,0.108863
1518007354621620999;0;-0.165314,0.0242833,1.73495;0.109414,0.777981,-0.60893,0.109444
1518007354873015000;0;-0.165314,0.0242833,1.73495;0.109414,0.777981,-0.60893,0.109444
1518007355040603999;0;-0.165503,0.0238066,1.73616;0.10904,0.779096,-0.607675,0.108863
1518007355292036999;0;-0.165314,0.0242833,1.73495;0.109414,0.777981,-0.60893,0.109444
1518007355459636000;0;-0.165705,0.0240594,1.73589;0.108912,0.778687,-0.608108,0.109494
1518007355627234999;0;-0.165111,0.024031,1.73522;0.109542,0.77839,-0.608498,0.108812
1518007355878670000;0;-0.165111,0.024031,1.73522;0.109542,0.77839,-0.608498,0.108812
1518007356046264999;0;-0.165503,0.0238066,1.73616;0.10904,0.779096,-0.607675,0.108863
1518007356297696999;0;-0.165705,0.0240594,1.73589;0.108912,0.778687,-0.608108,0.109494
1518007356465292999;0;-0.165705,0.0240594,1.73589;0.108912,0.778687,-0.608108,0.109494
1518007356632885999;0;-0.165503,0.0238066,1.73616;0.10904,0.779096,-0.607675,0.108863
1518007356884340000;0;-0.165705,0.0240594,1.73589;0.108912,0.778687,-0.608108,0.109494
1518007357051910000;0;-0.165705,0.0240594,1.73589;0.108912,0.778687,-0.608108,0.109494
1518007357303372999;0;-0.165111,0.024031,1.73522;0.109542,0.77839,-0.608498,0.108812
1518007357470969999;0;-0.165503,0.0238066,1.73616;0.10904,0.779096,-0.607675,0.108863
1518007357638558999;0;-0.165705,0.0240594,1.73589;0.108912,0.778687,-0.608108,0.109494
1518007357889976999;0;-0.165314,0.0242833,1.73495;0.109414,0.777981,-0.60893,0.109444
1518007358057648999;0;-0.165705,0.0240594,1.73589;0.108912,0.778687,-0.608108,0.109494
1518007358225211999;0;-0.165503,0.0238066,1.73616;0.10904,0.779096,-0.607675,0.108863
1518007358476599999;0;-0.165314,0.0242833,1.73495;0.109414,0.777981,-0.60893,0.109444
1518007358644209999;0;-0.165314,0.0242833,1.73495;0.109414,0.777981,-0.60893,0.109444
1518007358895665999;0;-0.165314,0.0242833,1.73495;0.109414,0.777981,-0.60893,0.109444
1518007359063212000;0;-0.165705,0.0240594,1.73589;0.108912,0.778687,-0.608108,0.109494
1518007359230950999;0;-0.165314,0.0242833,1.73495;0.109414,0.777981,-0.60893,0.109444
1518007359482215999;0;-0.165314,0.0242833,1.73495;0.109414,0.777981,-0.60893,0.109444
1518007359649837999;0;-0.165314,0.0242833,1.73495;0.109414,0.777981,-0.60893,0.109444
1518007359901289999;0;-0.165314,0.0242833,1.73495;0.109414,0.777981,-0.60893,0.109444
1518007360068901999;0;-0.165705,0.0240594,1.73589;0.108912,0.778687,-0.608108,0.109494
1518007360236540999;0;-0.165705,0.0240594,1.73589;0.108912,0.778687,-0.608108,0.109494
1518007360487924000;0;-0.165705,0.0240594,1.73589;0.108912,0.778687,-0.608108,0.109494
1518007360655459000;0;-0.165705,0.0240594,1.73589;0.108912,0.778687,-0.608108,0.109494
1518007360823131999;0;-0.165705,0.0240594,1.73589;0.108912,0.778687,-0.608108,0.109494
1518007361074579000;0;-0.165705,0.0240594,1.73589;0.108912,0.778687,-0.608108,0.109494
1518007361242167999;0;-0.165705,0.0240594,1.73589;0.108912,0.778687,-0.608108,0.109494
1518007361493633000;0;-0.165111,0.024031,1.73522;0.109542,0.77839,-0.608498,0.108812
1518007361661192000;0;-0.165314,0.0242833,1.73495;0.109414,0.777981,-0.60893,0.109444
1518007361828771999;0;-0.165503,0.0238066,1.73616;0.10904,0.779096,-0.607675,0.108863
1518007362080223999;0;-0.165705,0.0240594,1.73589;0.108912,0.778687,-0.608108,0.109494
1518007362247853999;0;-0.165314,0.0242833,1.73495;0.109414,0.777981,-0.60893,0.109444
1518007362499244000;0;-0.165705,0.0240594,1.73589;0.108912,0.778687,-0.608108,0.109494
1518007362666811000;0;-0.165314,0.0242833,1.73495;0.109414,0.777981,-0.60893,0.109444
1518007362834418999;0;-0.165503,0.0238066,1.73616;0.10904,0.779096,-0.607675,0.108863
1518007363085900999;0;-0.165111,0.024031,1.73522;0.109542,0.77839,-0.608498,0.108812
1518007363253533999;0;-0.164879,0.0240907,1.73533;0.109225,0.778069,-0.608908,0.109128
1518007363420983999;0;-0.165314,0.0242833,1.73495;0.109414,0.777981,-0.60893,0.109444
1518007363672434000;0;-0.165314,0.0242833,1.73495;0.109414,0.777981,-0.60893,0.109444
1518007363840094000;0;-0.165705,0.0240594,1.73589;0.108912,0.778687,-0.608108,0.109494
1518007364091492999;0;-0.165314,0.0242833,1.73495;0.109414,0.777981,-0.60893,0.109444
1518007364259113999;0;-0.165705,0.0240594,1.73589;0.108912,0.778687,-0.608108,0.109494
1518007364426760999;0;-0.165111,0.024031,1.73522;0.109542,0.77839,-0.608498,0.108812
1518007364678156999;0;-0.165111,0.024031,1.73522;0.109542,0.77839,-0.608498,0.108812
1518007364845778999;0;-0.165111,0.024031,1.73522;0.109542,0.77839,-0.608498,0.108812
1518007365097209000;0;-0.165705,0.0240594,1.73589;0.108912,0.778687,-0.608108,0.109494
1518007365264824999;0;-0.165314,0.0242833,1.73495;0.109414,0.777981,-0.60893,0.109444
1518007365432312999;0;-0.165705,0.0240594,1.73589;0.108912,0.778687,-0.608108,0.109494
1518007365683805000;0;-0.165705,0.0240594,1.73589;0.108912,0.778687,-0.608108,0.109494
1518007365851404999;0;-0.165503,0.0238066,1.73616;0.10904,0.779096,-0.607675,0.108863
1518007366102832999;0;-0.165111,0.024031,1.73522;0.109542,0.77839,-0.608498,0.108812
1518007366270445000;0;-0.165111,0.024031,1.73522;0.109542,0.77839,-0.608498,0.108812
1518007366438043999;0;-0.165503,0.0238066,1.73616;0.10904,0.779096,-0.607675,0.108863
1518007366689508999;0;-0.165111,0.024031,1.73522;0.109542,0.77839,-0.608498,0.108812
1518007366857099999;0;-0.165111,0.024031,1.73522;0.109542,0.77839,-0.608498,0.108812
1518007367024696999;0;-0.165314,0.0242833,1.73495;0.109414,0.777981,-0.60893,0.109444
1518007367276098999;0;-0.165111,0.024031,1.73522;0.109542,0.77839,-0.608498,0.108812
1518007367443690999;0;-0.165705,0.0240594,1.73589;0.108912,0.778687,-0.608108,0.109494
1518007367695143999;0;-0.165111,0.024031,1.73522;0.109542,0.77839,-0.608498,0.108812
1518007367862744999;0;-0.165314,0.0242833,1.73495;0.109414,0.777981,-0.60893,0.109444
1518007368030338999;0;-0.165705,0.0240594,1.73589;0.108912,0.778687,-0.608108,0.109494
1518007368281711999;0;-0.165111,0.024031,1.73522;0.109542,0.77839,-0.608498,0.108812
1518007368449369999;0;-0.165111,0.024031,1.73522;0.109542,0.77839,-0.608498,0.108812
1518007368700801999;0;-0.165314,0.0242833,1.73495;0.109414,0.777981,-0.60893,0.109444
1518007368868391999;0;-0.165705,0.0240594,1.73589;0.108912,0.778687,-0.608108,0.109494
1518007369036024999;0;-0.165503,0.0238066,1.73616;0.10904,0.779096,-0.607675,0.108863
1518007369287428999;0;-0.165503,0.0238066,1.73616;0.10904,0.779096,-0.607675,0.108863
1518007369454991999;0;-0.165503,0.0238066,1.73616;0.10904,0.779096,-0.607675,0.108863
1518007369622661999;0;-0.165705,0.0240594,1.73589;0.108912,0.778687,-0.608108,0.109494
1518007369874068999;0;-0.165111,0.024031,1.73522;0.109542,0.77839,-0.608498,0.108812
1518007370041686000;0;-0.165111,0.024031,1.73522;0.109542,0.77839,-0.608498,0.108812
1518007370293095999;0;-0.165314,0.0242833,1.73495;0.109414,0.777981,-0.60893,0.109444
1518007370460744999;0;-0.165314,0.0242833,1.73495;0.109414,0.777981,-0.60893,0.109444
1518007370628326999;0;-0.165314,0.0242833,1.73495;0.109414,0.777981,-0.60893,0.109444
1518007370879738000;0;-0.165503,0.0238066,1.73616;0.10904,0.779096,-0.607675,0.108863
1518007371047336000;0;-0.165705,0.0240594,1.73589;0.108912,0.778687,-0.608108,0.109494
1518007371298777999;0;-0.165314,0.0242833,1.73495;0.109414,0.777981,-0.60893,0.109444
1518007371466355999;0;-0.165082,0.0243429,1.73507;0.109097,0.777661,-0.609339,0.109759
1518007371634001999;0;-0.165111,0.024031,1.73522;0.109542,0.77839,-0.608498,0.108812
1518007371885357999;0;-0.165111,0.024031,1.73522;0.109542,0.77839,-0.608498,0.108812
1518007372052990000;0;-0.165314,0.0242833,1.73495;0.109414,0.777981,-0.60893,0.109444
1518007372220596000;0;-0.165111,0.024031,1.73522;0.109542,0.77839,-0.608498,0.108812
1518007372472023999;0;-0.165314,0.0242833,1.73495;0.109414,0.777981,-0.60893,0.109444
1518007372639647999;0;-0.165111,0.024031,1.73522;0.109542,0.77839,-0.608498,0.108812
1518007372890988999;0;-0.165111,0.024031,1.73522;0.109542,0.77839,-0.608498,0.108812
1518007373058618999;0;-0.165111,0.024031,1.73522;0.109542,0.77839,-0.608498,0.108812
1518007373226282000;0;-0.165503,0.0238066,1.73616;0.10904,0.779096,-0.607675,0.108863
1518007373477695999;0;-0.165705,0.0240594,1.73589;0.108912,0.778687,-0.608108,0.109494
1518007373645293000;0;-0.165111,0.024031,1.73522;0.109542,0.77839,-0.608498,0.108812
1518007373896637999;0;-0.165314,0.0242833,1.73495;0.109414,0.777981,-0.60893,0.109444
1518007374064281999;0;-0.165111,0.024031,1.73522;0.109542,0.77839,-0.608498,0.108812
1518007374231905000;0;-0.165705,0.0240594,1.73589;0.108912,0.778687,-0.608108,0.109494
1518007374483330999;0;-0.165111,0.024031,1.73522;0.109542,0.77839,-0.608498,0.108812
1518007374650850999;0;-0.165503,0.0238066,1.73616;0.10904,0.779096,-0.607675,0.108863
1518007374902333999;0;-0.165705,0.0240594,1.73589;0.108912,0.778687,-0.608108,0.109494
1518007375069942000;0;-0.165314,0.0242833,1.73495;0.109414,0.777981,-0.60893,0.109444
1518007375237599000;0;-0.165314,0.0242833,1.73495;0.109414,0.777981,-0.60893,0.109444
1518007375488968000;0;-0.165314,0.0242833,1.73495;0.109414,0.777981,-0.60893,0.109444
1518007375656576999;0;-0.165314,0.0242833,1.73495;0.109414,0.777981,-0.60893,0.109444
1518007375824212999;0;-0.165705,0.0240594,1.73589;0.108912,0.778687,-0.608108,0.109494
1518007376075614999;0;-0.165111,0.024031,1.73522;0.109542,0.77839,-0.608498,0.108812
1518007376243207999;0;-0.165111,0.024031,1.73522;0.109542,0.77839,-0.608498,0.108812
1518007376494646000;0;-0.165314,0.0242833,1.73495;0.109414,0.777981,-0.60893,0.109444
1518007376662241999;0;-0.165473,0.0241191,1.736;0.108595,0.778367,-0.608518,0.10981
1518007376829881000;0;-0.165314,0.0242833,1.73495;0.109414,0.777981,-0.60893,0.109444
1518007377081310999;0;-0.165111,0.024031,1.73522;0.109542,0.77839,-0.608498,0.108812
1518007377248854999;0;-0.164879,0.0240907,1.73533;0.109225,0.778069,-0.608908,0.109128
1518007377500291999;0;-0.165546,0.0243145,1.73642;0.10883,0.778488,-0.608241,0.110246
1518007377667916999;0;-0.165546,0.0243145,1.73642;0.10883,0.778488,-0.608241,0.110246
1518007377835521999;0;-0.165155,0.0245384,1.73549;0.109332,0.777783,-0.609062,0.110195
1518007378086733000;0;-0.165546,0.0243145,1.73642;0.10883,0.778488,-0.608241,0.110246
1518007378254525999;0;-0.165155,0.0245384,1.73549;0.109332,0.777783,-0.609062,0.110195
1518007378422126999;0;-0.164879,0.0240907,1.73533;0.109225,0.778069,-0.608908,0.109128
1518007378673659000;0;-0.165155,0.0245384,1.73549;0.109332,0.777783,-0.609062,0.110195
1518007378841159000;0;-0.165155,0.0245384,1.73549;0.109332,0.777783,-0.609062,0.110195
1518007379092591000;0;-0.164879,0.0240907,1.73533;0.109225,0.778069,-0.608908,0.109128
1518007379260241999;0;-0.165155,0.0245384,1.73549;0.109332,0.777783,-0.609062,0.110195
1518007379427832999;0;-0.165155,0.0245384,1.73549;0.109332,0.777783,-0.609062,0.110195
1518007379679231000;0;-0.164879,0.0240907,1.73533;0.109225,0.778069,-0.608908,0.109128
1518007379846826999;0;-0.165082,0.0243429,1.73507;0.109097,0.777661,-0.609339,0.109759
1518007380098253000;0;-0.165473,0.0241191,1.736;0.108595,0.778367,-0.608518,0.10981
1518007380265875000;0;-0.164879,0.0240907,1.73533;0.109225,0.778069,-0.608908,0.109128
1518007380433576999;0;-0.164879,0.0240907,1.73533;0.109225,0.778069,-0.608908,0.109128
1518007380684895999;0;-0.164879,0.0240907,1.73533;0.109225,0.778069,-0.608908,0.109128
1518007380852495999;0;-0.165155,0.0245384,1.73549;0.109332,0.777783,-0.609062,0.110195
1518007381103923000;0;-0.164879,0.0240907,1.73533;0.109225,0.778069,-0.608908,0.109128
1518007381271514999;0;-0.165155,0.0245384,1.73549;0.109332,0.777783,-0.609062,0.110195
1518007381439119000;0;-0.165082,0.0243429,1.73507;0.109097,0.777661,-0.609339,0.109759
1518007381690544000;0;-0.165546,0.0243145,1.73642;0.10883,0.778488,-0.608241,0.110246
1518007381858122999;0;-0.165546,0.0243145,1.73642;0.10883,0.778488,-0.608241,0.110246
1518007382025779999;0;-0.165546,0.0243145,1.73642;0.10883,0.778488,-0.608241,0.110246
1518007382277174999;0;-0.164879,0.0240907,1.73533;0.109225,0.778069,-0.608908,0.109128
1518007382444774000;0;-0.165546,0.0243145,1.73642;0.10883,0.778488,-0.608241,0.110246
1518007382696192999;0;-0.165155,0.0245384,1.73549;0.109332,0.777783,-0.609062,0.110195
1518007382863800999;0;-0.165155,0.0245384,1.73549;0.109332,0.777783,-0.609062,0.110195
1518007383031523999;0;-0.165082,0.0243429,1.73507;0.109097,0.777661,-0.609339,0.109759
1518007383282879999;0;-0.165155,0.0245384,1.73549;0.109332,0.777783,-0.609062,0.110195
1518007383450387999;0;-0.165473,0.0241191,1.736;0.108595,0.778367,-0.608518,0.10981
1518007383701892999;0;-0.165082,0.0243429,1.73507;0.109097,0.777661,-0.609339,0.109759
1518007383869515999;0;-0.165546,0.0243145,1.73642;0.10883,0.778488,-0.608241,0.110246
1518007384037095000;0;-0.164879,0.0240907,1.73533;0.109225,0.778069,-0.608908,0.109128
1518007384288474999;0;-0.165082,0.0243429,1.73507;0.109097,0.777661,-0.609339,0.109759
1518007384456090000;0;-0.165314,0.0242833,1.73495;0.109414,0.777981,-0.60893,0.109444
1518007384623713999;0;-0.165111,0.024031,1.73522;0.109542,0.77839,-0.608498,0.108812
1518007384875122999;0;-0.165155,0.0245384,1.73549;0.109332,0.777783,-0.609062,0.110195
1518007385042726000;0;-0.165546,0.0243145,1.73642;0.10883,0.778488,-0.608241,0.110246
1518007385294151999;0;-0.164879,0.0240907,1.73533;0.109225,0.778069,-0.608908,0.109128
1518007385461772000;0;-0.164879,0.0240907,1.73533;0.109225,0.778069,-0.608908,0.109128
1518007385629382999;0;-0.165546,0.0243145,1.73642;0.10883,0.778488,-0.608241,0.110246
1518007385880839999;0;-0.165155,0.0245384,1.73549;0.109332,0.777783,-0.609062,0.110195
1518007386048408000;0;-0.164879,0.0240907,1.73533;0.109225,0.778069,-0.608908,0.109128
1518007386299840999;0;-0.165155,0.0245384,1.73549;0.109332,0.777783,-0.609062,0.110195
1518007386467425999;0;-0.165155,0.0245384,1.73549;0.109332,0.777783,-0.609062,0.110195
1518007386635054999;0;-0.165155,0.0245384,1.73549;0.109332,0.777783,-0.609062,0.110195
1518007386886476000;0;-0.165155,0.0245384,1.73549;0.109332,0.777783,-0.609062,0.110195
1518007387054045999;0;-0.165155,0.0245384,1.73549;0.109332,0.777783,-0.609062,0.110195
1518007387221681999;0;-0.165155,0.0245384,1.73549;0.109332,0.777783,-0.609062,0.110195
1518007387473071999;0;-0.165155,0.0245384,1.73549;0.109332,0.777783,-0.609062,0.110195
1518007387640695000;0;-0.165155,0.0245384,1.73549;0.109332,0.777783,-0.609062,0.110195
1518007387892098999;0;-0.165546,0.0243145,1.73642;0.10883,0.778488,-0.608241,0.110246
1518007388059709000;0;-0.165546,0.0243145,1.73642;0.10883,0.778488,-0.608241,0.110246
1518007388227336999;0;-0.165155,0.0245384,1.73549;0.109332,0.777783,-0.609062,0.110195
1518007388478747000;0;-0.165155,0.0245384,1.73549;0.109332,0.777783,-0.609062,0.110195
1518007388646353000;0;-0.165546,0.0243145,1.73642;0.10883,0.778488,-0.608241,0.110246
1518007388897771999;0;-0.165155,0.0245384,1.73549;0.109332,0.777783,-0.609062,0.110195
1518007389065434999;0;-0.165546,0.0243145,1.73642;0.10883,0.778488,-0.608241,0.110246
1518007389232950999;0;-0.165546,0.0243145,1.73642;0.10883,0.778488,-0.608241,0.110246
1518007389484421999;0;-0.165546,0.0243145,1.73642;0.10883,0.778488,-0.608241,0.110246
1518007389652040999;0;-0.165546,0.0243145,1.73642;0.10883,0.778488,-0.608241,0.110246
1518007389903366999;0;-0.165155,0.0245384,1.73549;0.109332,0.777783,-0.609062,0.110195
1518007390071032999;0;-0.165546,0.0243145,1.73642;0.10883,0.778488,-0.608241,0.110246
1518007390238653999;0;-0.165155,0.0245384,1.73549;0.109332,0.777783,-0.609062,0.110195
1518007390490076999;0;-0.165155,0.0245384,1.73549;0.109332,0.777783,-0.609062,0.110195
1518007390657717000;0;-0.165155,0.0245384,1.73549;0.109332,0.777783,-0.609062,0.110195
1518007390825364999;0;-0.165155,0.0245384,1.73549;0.109332,0.777783,-0.609062,0.110195
1518007391076684999;0;-0.165155,0.0245384,1.73549;0.109332,0.777783,-0.609062,0.110195
1518007391244292999;0;-0.165546,0.0243145,1.73642;0.10883,0.778488,-0.608241,0.110246
1518007391495727999;0;-0.165546,0.0243145,1.73642;0.10883,0.778488,-0.608241,0.110246
1518007391663328999;0;-0.165155,0.0245384,1.73549;0.109332,0.777783,-0.609062,0.110195
1518007391830893999;0;-0.165546,0.0243145,1.73642;0.10883,0.778488,-0.608241,0.110246
1518007392082332999;0;-0.165546,0.0243145,1.73642;0.10883,0.778488,-0.608241,0.110246
1518007392249934999;0;-0.165546,0.0243145,1.73642;0.10883,0.778488,-0.608241,0.110246
1518007392501346999;0;-0.165155,0.0245384,1.73549;0.109332,0.777783,-0.609062,0.110195
1518007392669000999;0;-0.165546,0.0243145,1.73642;0.10883,0.778488,-0.608241,0.110246
1518007392836581999;0;-0.165546,0.0243145,1.73642;0.10883,0.778488,-0.608241,0.110246
1518007393088025999;0;-0.165155,0.0245384,1.73549;0.109332,0.777783,-0.609062,0.110195
1518007393255597999;0;-0.165155,0.0245384,1.73549;0.109332,0.777783,-0.609062,0.110195
1518007393423203999;0;-0.164672,0.0242134,1.73558;0.109862,0.778686,-0.607956,0.1094
1518007393674676999;0;-0.165155,0.0245384,1.73549;0.109332,0.777783,-0.609062,0.110195
1518007393842264999;0;-0.165546,0.0243145,1.73642;0.10883,0.778488,-0.608241,0.110246
1518007394093715999;0;-0.165546,0.0243145,1.73642;0.10883,0.778488,-0.608241,0.110246
1518007394261234999;0;-0.165546,0.0243145,1.73642;0.10883,0.778488,-0.608241,0.110246
1518007394428856999;0;-0.165155,0.0245384,1.73549;0.109332,0.777783,-0.609062,0.110195
1518007394680291999;0;-0.165082,0.0243429,1.73507;0.109097,0.777661,-0.609339,0.109759
1518007394847874000;0;-0.165546,0.0243145,1.73642;0.10883,0.778488,-0.608241,0.110246
1518007395099288999;0;-0.165546,0.0243145,1.73642;0.10883,0.778488,-0.608241,0.110246
1518007395266927999;0;-0.165546,0.0243145,1.73642;0.10883,0.778488,-0.608241,0.110246
1518007395434531999;0;-0.165546,0.0243145,1.73642;0.10883,0.778488,-0.608241,0.110246
1518007395685918999;0;-0.165082,0.0243429,1.73507;0.109097,0.777661,-0.609339,0.109759
1518007395853544999;0;-0.164879,0.0240907,1.73533;0.109225,0.778069,-0.608908,0.109128
1518007396104961999;0;-0.165314,0.0242833,1.73495;0.109414,0.777981,-0.60893,0.109444
1518007396272566999;0;-0.165082,0.0243429,1.73507;0.109097,0.777661,-0.609339,0.109759
1518007396440283999;0;-0.165082,0.0243429,1.73507;0.109097,0.777661,-0.609339,0.109759
1518007396691561000;0;-0.165705,0.0240594,1.73589;0.108912,0.778687,-0.608108,0.109494
1518007396859230000;0;-0.165387,0.0244787,1.73537;0.10965,0.778103,-0.608654,0.10988
1518007397026857999;0;-0.165314,0.0242833,1.73495;0.109414,0.777981,-0.60893,0.109444
1518007397278257999;0;-0.165111,0.024031,1.73522;0.109542,0.77839,-0.608498,0.108812
1518007397445881999;0;-0.165503,0.0238066,1.73616;0.10904,0.779096,-0.607675,0.108863
1518007397697279999;0;-0.165314,0.0242833,1.73495;0.109414,0.777981,-0.60893,0.109444
1518007397864864999;0;-0.165314,0.0242833,1.73495;0.109414,0.777981,-0.60893,0.109444
1518007398032499999;0;-0.165705,0.0240594,1.73589;0.108912,0.778687,-0.608108,0.109494
1518007398283871999;0;-0.165705,0.0240594,1.73589;0.108912,0.778687,-0.608108,0.109494
1518007398451522999;0;-0.165314,0.0242833,1.73495;0.109414,0.777981,-0.60893,0.109444
1518007398702935999;0;-0.165705,0.0240594,1.73589;0.108912,0.778687,-0.608108,0.109494
1518007398870544999;0;-0.165314,0.0242833,1.73495;0.109414,0.777981,-0.60893,0.109444
1518007399038149999;0;-0.165111,0.024031,1.73522;0.109542,0.77839,-0.608498,0.108812
1518007399289690999;0;-0.165314,0.0242833,1.73495;0.109414,0.777981,-0.60893,0.109444
1518007399457178000;0;-0.165314,0.0242833,1.73495;0.109414,0.777981,-0.60893,0.109444
1518007399624800999;0;-0.165082,0.0243429,1.73507;0.109097,0.777661,-0.609339,0.109759
1518007399876205000;0;-0.165705,0.0240594,1.73589;0.108912,0.778687,-0.608108,0.109494
1518007400043787000;0;-0.165082,0.0243429,1.73507;0.109097,0.777661,-0.609339,0.109759
1518007400295203999;0;-0.165082,0.0243429,1.73507;0.109097,0.777661,-0.609339,0.109759
1518007400462835999;0;-0.165314,0.0242833,1.73495;0.109414,0.777981,-0.60893,0.109444
1518007400630423999;0;-0.165314,0.0242833,1.73495;0.109414,0.777981,-0.60893,0.109444
1518007400881828000;0;-0.165705,0.0240594,1.73589;0.108912,0.778687,-0.608108,0.109494
1518007401049489999;0;-0.165314,0.0242833,1.73495;0.109414,0.777981,-0.60893,0.109444
1518007401300860999;0;-0.165705,0.0240594,1.73589;0.108912,0.778687,-0.608108,0.109494
1518007401468499999;0;-0.165705,0.0240594,1.73589;0.108912,0.778687,-0.608108,0.109494
1518007401636107999;0;-0.165314,0.0242833,1.73495;0.109414,0.777981,-0.60893,0.109444
1518007401887506999;0;-0.165705,0.0240594,1.73589;0.108912,0.778687,-0.608108,0.109494
1518007402055139999;0;-0.165314,0.0242833,1.73495;0.109414,0.777981,-0.60893,0.109444
1518007402222764000;0;-0.165705,0.0240594,1.73589;0.108912,0.778687,-0.608108,0.109494
1518007402474212999;0;-0.165705,0.0240594,1.73589;0.108912,0.778687,-0.608108,0.109494
1518007402641810000;0;-0.165314,0.0242833,1.73495;0.109414,0.777981,-0.60893,0.109444
1518007402893173999;0;-0.165705,0.0240594,1.73589;0.108912,0.778687,-0.608108,0.109494
1518007403060746999;0;-0.165314,0.0242833,1.73495;0.109414,0.777981,-0.60893,0.109444
1518007403228388999;0;-0.165111,0.024031,1.73522;0.109542,0.77839,-0.608498,0.108812
1518007403479805999;0;-0.165314,0.0242833,1.73495;0.109414,0.777981,-0.60893,0.109444
1518007403647423999;0;-0.165314,0.0242833,1.73495;0.109414,0.777981,-0.60893,0.109444
1518007403898804999;0;-0.165082,0.0243429,1.73507;0.109097,0.777661,-0.609339,0.109759
1518007404066416999;0;-0.165705,0.0240594,1.73589;0.108912,0.778687,-0.608108,0.109494
1518007404234051999;0;-0.165082,0.0243429,1.73507;0.109097,0.777661,-0.609339,0.109759
1518007404485514999;0;-0.165111,0.024031,1.73522;0.109542,0.77839,-0.608498,0.108812
1518007404653073999;0;-0.165314,0.0242833,1.73495;0.109414,0.777981,-0.60893,0.109444
1518007404904512000;0;-0.165705,0.0240594,1.73589;0.108912,0.778687,-0.608108,0.109494
1518007405072086000;0;-0.165314,0.0242833,1.73495;0.109414,0.777981,-0.60893,0.109444
1518007405239690999;0;-0.165705,0.0240594,1.73589;0.108912,0.778687,-0.608108,0.109494
1518007405491109000;0;-0.165314,0.0242833,1.73495;0.109414,0.777981,-0.60893,0.109444
1518007405658730000;0;-0.165705,0.0240594,1.73589;0.108912,0.778687,-0.608108,0.109494
1518007405826306999;0;-0.165705,0.0240594,1.73589;0.108912,0.778687,-0.608108,0.109494
1518007406077692999;0;-0.165314,0.0242833,1.73495;0.109414,0.777981,-0.60893,0.109444
1518007406245339000;0;-0.165705,0.0240594,1.73589;0.108912,0.778687,-0.608108,0.109494
1518007406496748000;0;-0.165082,0.0243429,1.73507;0.109097,0.777661,-0.609339,0.109759
1518007406664367999;0;-0.165314,0.0242833,1.73495;0.109414,0.777981,-0.60893,0.109444
1518007406831922999;0;-0.165314,0.0242833,1.73495;0.109414,0.777981,-0.60893,0.109444
1518007407083407000;0;-0.165705,0.0240594,1.73589;0.108912,0.778687,-0.608108,0.109494
1518007407250989999;0;-0.165314,0.0242833,1.73495;0.109414,0.777981,-0.60893,0.109444
1518007407502373999;0;-0.165314,0.0242833,1.73495;0.109414,0.777981,-0.60893,0.109444
1518007407669996000;0;-0.165111,0.024031,1.73522;0.109542,0.77839,-0.608498,0.108812
1518007407837692999;0;-0.165503,0.0238066,1.73616;0.10904,0.779096,-0.607675,0.108863
1518007408089056999;0;-0.165705,0.0240594,1.73589;0.108912,0.778687,-0.608108,0.109494
1518007408256650999;0;-0.165314,0.0242833,1.73495;0.109414,0.777981,-0.60893,0.109444
1518007408424269000;0;-0.165314,0.0242833,1.73495;0.109414,0.777981,-0.60893,0.109444
1518007408675680999;0;-0.165503,0.0238066,1.73616;0.10904,0.779096,-0.607675,0.108863
1518007408843262999;0;-0.165705,0.0240594,1.73589;0.108912,0.778687,-0.608108,0.109494
1518007409094714999;0;-0.165705,0.0240594,1.73589;0.108912,0.778687,-0.608108,0.109494
1518007409262320999;0;-0.165111,0.024031,1.73522;0.109542,0.77839,-0.608498,0.108812
1518007409429912000;0;-0.165314,0.0242833,1.73495;0.109414,0.777981,-0.60893,0.109444
1518007409681340999;0;-0.165111,0.024031,1.73522;0.109542,0.77839,-0.608498,0.108812
1518007409848971999;0;-0.16527,0.0238665,1.73627;0.108723,0.778775,-0.608086,0.109178
1518007410100364999;0;-0.165111,0.024031,1.73522;0.109542,0.77839,-0.608498,0.108812
1518007410268001999;0;-0.165705,0.0240594,1.73589;0.108912,0.778687,-0.608108,0.109494
1518007410435570999;0;-0.165705,0.0240594,1.73589;0.108912,0.778687,-0.608108,0.109494
1518007410686991999;0;-0.165705,0.0240594,1.73589;0.108912,0.778687,-0.608108,0.109494
1518007410854639000;0;-0.165111,0.024031,1.73522;0.109542,0.77839,-0.608498,0.108812
1518007411022232999;0;-0.165111,0.024031,1.73522;0.109542,0.77839,-0.608498,0.108812
1518007411273659999;0;-0.165473,0.0241191,1.736;0.108595,0.778367,-0.608518,0.10981
1518007411441244999;0;-0.165473,0.0241191,1.736;0.108595,0.778367,-0.608518,0.10981
1518007411692708999;0;-0.164672,0.0242134,1.73558;0.109862,0.778686,-0.607956,0.1094
1518007411860296999;0;-0.165082,0.0243429,1.73507;0.109097,0.777661,-0.609339,0.109759
1518007412027919999;0;-0.164875,0.0244662,1.73531;0.109733,0.778277,-0.608389,0.110031
1518007412279336000;0;-0.165546,0.0243145,1.73642;0.10883,0.778488,-0.608241,0.110246
1518007412446904999;0;-0.165546,0.0243145,1.73642;0.10883,0.778488,-0.608241,0.110246
1518007412698335000;0;-0.164879,0.0240907,1.73533;0.109225,0.778069,-0.608908,0.109128
1518007412865875999;0;-0.164879,0.0240907,1.73533;0.109225,0.778069,-0.608908,0.109128
1518007413033571999;0;-0.165155,0.0245384,1.73549;0.109332,0.777783,-0.609062,0.110195
1518007413284956999;0;-0.165155,0.0245384,1.73549;0.109332,0.777783,-0.609062,0.110195
1518007413452582999;0;-0.165155,0.0245384,1.73549;0.109332,0.777783,-0.609062,0.110195
1518007413620216999;0;-0.164879,0.0240907,1.73533;0.109225,0.778069,-0.608908,0.109128
1518007413871626999;0;-0.164879,0.0240907,1.73533;0.109225,0.778069,-0.608908,0.109128
1518007414039250999;0;-0.165155,0.0245384,1.73549;0.109332,0.777783,-0.609062,0.110195
1518007414290579999;0;-0.165155,0.0245384,1.73549;0.109332,0.777783,-0.609062,0.110195
1518007414374492999;0;-0.164879,0.0240907,1.73533;0.109225,0.778069,-0.608908,0.109128
1518007414374492999;0;-0.164879,0.0240907,1.73533;0.109225,0.778069,-0.608908,0.109128
1518007414374492999;0;-0.164879,0.0240907,1.73533;0.109225,0.778069,-0.608908,0.109128
